Subestacion,01:00,02:00,03:00,04:00,05:00,06:00,07:00,08:00,09:00,10:00,11:00,12:00,13:00,14:00,15:00,16:00,17:00,18:00,19:00,20:00,21:00,22:00,23:00,24:00,TOTAL,MAXIMA (MW),HORA,Fecha
Choquetanga,0.664,0.688,0.579,0.456,0.421,0.435,0.669,0.736,0.68,0.523,0.711,0.769,0.622,0.524,0.599,0.573,0.759,0.796,0.817,0.611,0.546,0.561,0.76,0.752,15.246,0.828,19:00,2024-09-01
Choquetanga,0.597,0.391,0.43,0.43,0.426,0.448,0.509,0.475,0.597,0.611,0.523,0.567,0.553,0.408,0.458,0.411,0.407,0.452,0.487,0.498,0.708,0.703,0.692,0.657,12.433,0.757,20:15,2024-09-02
Choquetanga,0.812,0.68,0.57,0.556,0.567,0.592,0.669,0.572,0.441,0.537,0.652,0.509,0.573,0.467,0.428,0.444,0.448,0.467,0.574,0.577,0.578,0.548,0.513,0.536,13.306,0.822,00:30,2024-09-03
Choquetanga,0.547,0.515,0.521,0.572,0.728,0.702,0.749,0.642,0.489,0.442,0.401,0.405,0.388,0.533,0.605,0.606,0.416,0.537,0.529,0.522,0.591,0.581,0.611,0.597,13.227,0.828,07:15,2024-09-04
Choquetanga,0.683,0.737,0.438,0.404,0.398,0.421,0.541,0.519,0.503,0.444,0.429,0.442,0.433,0.408,0.416,0.663,0.668,0.465,0.571,0.758,0.544,0.509,0.492,0.53,12.411,0.783,01:45,2024-09-05
Choquetanga,0.559,0.571,0.63,0.757,0.695,0.67,0.669,0.537,0.379,0.383,0.396,0.41,0.485,0.453,0.481,0.612,0.811,0.734,0.561,0.686,0.641,0.603,0.616,0.592,13.928,0.831,17:00,2024-09-06
Choquetanga,0.583,0.582,0.788,0.809,0.8,0.823,0.803,0.608,0.54,0.574,0.59,0.655,0.437,0.741,0.81,0.789,0.603,0.719,0.625,0.639,0.651,0.64,0.626,0.605,16.036,0.901,06:00,2024-09-07
Choquetanga,0.585,0.625,0.848,0.816,0.632,0.572,0.627,0.604,0.823,0.761,0.63,0.604,0.512,0.598,0.651,0.636,0.67,0.692,0.597,0.681,0.86,0.837,0.772,0.562,16.191,0.891,20:30,2024-09-08
Choquetanga,0.502,0.556,0.529,0.499,0.602,0.633,0.626,0.593,0.772,0.818,0.821,0.763,0.626,0.468,0.455,0.507,0.501,0.515,0.537,0.485,0.463,0.608,0.543,0.465,13.884,0.852,09:00,2024-09-09
Choquetanga,0.488,0.682,0.783,0.795,0.825,0.658,0.74,0.602,0.622,0.657,0.654,0.642,0.56,0.568,0.621,0.751,0.796,0.806,0.77,0.714,0.681,0.644,0.609,0.613,16.279,0.854,04:15,2024-09-10
Choquetanga,0.628,0.652,0.823,0.909,0.86,0.876,0.829,0.576,0.462,0.56,0.392,0.374,0.37,0.432,0.347,0.341,0.328,0.467,0.549,0.604,0.623,0.68,0.655,0.695,14.026,0.915,03:00,2024-09-11
Choquetanga,0.682,0.616,0.718,0.839,0.827,0.6,0.76,0.528,0.493,0.477,0.436,0.413,0.408,0.41,0.641,0.607,0.622,0.719,0.814,0.807,0.734,0.667,0.726,0.568,15.11,0.873,20:15,2024-09-12
Choquetanga,0.555,0.569,0.628,0.635,0.699,0.733,0.712,0.648,0.74,0.64,0.783,0.806,0.694,0.632,0.548,0.346,0.373,0.406,0.488,0.594,0.597,0.772,0.754,0.84,15.188,0.866,23:15,2024-09-13
Choquetanga,0.768,0.626,0.735,0.643,0.575,0.601,0.599,0.622,0.677,0.756,0.75,0.541,0.585,0.447,0.364,0.379,0.41,0.47,0.51,0.702,0.607,0.747,0.752,0.731,14.595,0.828,00:30,2024-09-14
Choquetanga,0.633,0.627,0.808,0.822,0.815,0.624,0.571,0.616,0.781,0.767,0.783,0.774,0.736,0.525,0.683,0.724,0.708,0.579,0.543,0.832,0.889,0.846,0.63,0.703,17.018,0.895,20:30,2024-09-15
Choquetanga,0.592,0.536,0.541,0.551,0.475,0.505,0.523,0.525,0.526,0.512,0.54,0.412,0.538,0.424,0.432,0.593,0.672,0.695,0.618,0.662,0.694,0.639,0.637,0.607,13.448,0.869,20:00,2024-09-16
Choquetanga,0.592,0.622,0.812,0.794,0.62,0.658,0.819,0.623,0.56,0.596,0.608,0.567,0.55,0.524,0.458,0.413,0.669,0.699,0.668,0.754,0.56,0.535,0.55,0.659,14.906,0.855,06:45,2024-09-17
Choquetanga,0.708,0.888,0.865,0.723,0.787,0.644,0.668,0.682,0.556,0.58,0.617,0.547,0.491,0.736,0.828,0.812,0.694,0.797,0.694,0.677,0.669,0.639,0.733,0.89,16.921,0.903,23:30,2024-09-18
Choquetanga,0.843,0.652,0.799,0.561,0.579,0.596,0.645,0.586,0.582,0.599,0.669,0.63,0.573,0.653,0.658,0.644,0.514,0.541,0.457,0.577,0.588,0.581,0.615,0.78,14.919,0.855,00:15,2024-09-19
Choquetanga,0.76,0.665,0.505,0.607,0.487,0.524,0.552,0.567,0.495,0.603,0.636,0.617,0.46,0.564,0.389,0.351,0.464,0.601,0.561,0.854,0.698,0.616,0.57,0.574,13.717,0.887,20:00,2024-09-20
Choquetanga,0.578,0.682,0.831,0.829,0.472,0.488,0.455,0.463,0.405,0.394,0.365,0.355,0.367,0.626,0.79,0.816,0.659,0.613,0.63,0.544,0.547,0.577,0.696,0.713,13.891,0.84,02:15,2024-09-21
Choquetanga,0.606,0.558,0.76,0.753,0.776,0.782,0.612,0.452,0.394,0.66,0.604,0.509,0.442,0.426,0.434,0.482,0.528,0.595,0.476,0.656,0.709,0.636,0.479,0.321,13.647,0.808,05:00,2024-09-22
Choquetanga,0.303,0.304,0.307,0.302,0.301,0.322,0.431,0.637,0.762,0.792,0.686,0.771,0.515,0.56,0.758,0.749,0.757,0.729,0.525,0.457,0.441,0.43,0.412,0.398,12.648,0.811,09:45,2024-09-23
Choquetanga,0.472,0.514,0.513,0.697,0.752,0.81,0.766,0.852,0.654,0.589,0.679,0.573,0.519,0.545,0.629,0.645,0.596,0.726,0.601,0.652,0.745,0.661,0.587,0.601,15.375,0.945,06:15,2024-09-24
Choquetanga,0.602,0.781,0.799,0.812,0.613,0.732,0.568,0.517,0.56,0.561,0.611,0.704,0.472,0.52,0.588,0.481,0.439,0.474,0.397,0.556,0.564,0.516,0.478,0.589,13.931,0.829,03:15,2024-09-25
Choquetanga,0.709,0.666,0.625,0.461,0.47,0.682,0.748,0.714,0.722,0.567,0.611,0.627,0.443,0.552,0.565,0.676,0.817,0.815,0.797,0.84,0.46,0.424,0.532,0.583,15.1,0.965,18:15,2024-09-26
Choquetanga,0.564,0.565,0.604,0.809,0.848,0.822,0.658,0.579,0.412,0.411,0.403,0.611,0.516,0.659,0.687,0.65,0.573,0.732,0.594,0.528,0.462,0.456,0.453,0.394,13.987,0.86,04:45,2024-09-27
Choquetanga,0.367,0.414,0.608,0.651,0.699,0.701,0.774,0.631,0.579,0.593,0.579,0.661,0.565,0.526,0.528,0.561,0.597,0.521,0.417,0.54,0.442,0.465,0.54,0.574,13.53,0.85,06:30,2024-09-28
Choquetanga,0.746,0.623,0.595,0.693,0.829,0.866,0.873,0.766,0.602,0.565,0.548,0.548,0.501,0.713,0.844,0.717,0.46,0.595,0.498,0.388,0.396,0.464,0.603,0.613,15.045,0.941,14:15,2024-09-29
Choquetanga,0.702,0.802,0.827,0.721,0.669,0.518,0.399,0.46,0.498,0.52,0.61,0.799,0.675,0.774,0.809,0.753,0.793,0.807,0.805,0.6,0.636,0.816,0.775,0.6,16.367,0.849,21:15,2024-09-30
Choquetanga,0.713,0.616,0.561,0.54,0.668,0.68,0.702,0.628,0.786,0.771,0.731,0.562,0.672,0.536,0.615,0.5,0.573,0.772,0.684,0.515,0.615,0.469,0.427,0.485,14.816,0.801,08:45,2024-10-01
Choquetanga,0.585,0.793,0.799,0.807,0.767,0.822,0.732,0.612,0.537,0.557,0.494,0.655,0.392,0.535,0.63,0.582,0.57,0.636,0.583,0.494,0.584,0.563,0.798,0.802,15.323,0.866,06:15,2024-10-02
Choquetanga,0.763,0.78,0.795,0.808,0.813,0.674,0.669,0.663,0.823,0.804,0.811,0.66,0.701,0.578,0.64,0.504,0.53,0.535,0.6,0.618,0.569,0.757,0.745,0.754,16.593,0.853,09:00,2024-10-03
Choquetanga,0.768,0.708,0.643,0.648,0.694,0.879,0.805,0.726,0.599,0.711,0.765,0.6,0.424,0.626,0.714,0.696,0.633,0.667,0.436,0.463,0.497,0.647,0.726,0.825,15.897,0.887,06:00,2024-10-04
Choquetanga,0.791,0.805,0.761,0.687,0.607,0.585,0.656,0.617,0.778,0.901,0.926,0.586,0.703,0.496,0.539,0.635,0.641,0.642,0.674,0.576,0.608,0.577,0.484,0.448,15.721,0.975,10:30,2024-10-05
Choquetanga,0.672,0.782,0.783,0.81,0.809,0.824,0.834,0.716,0.824,0.794,0.58,0.701,0.665,0.567,0.477,0.505,0.681,0.631,0.559,0.57,0.547,0.528,0.481,0.457,15.795,0.921,08:30,2024-10-06
Choquetanga,0.534,0.506,0.509,0.477,0.495,0.514,0.565,0.593,0.545,0.499,0.78,0.806,0.554,0.654,0.445,0.428,0.42,0.439,0.525,0.506,0.76,0.745,0.644,0.645,13.583,0.827,11:30,2024-10-07
Choquetanga,0.438,0.351,0.357,0.441,0.514,0.531,0.556,0.595,0.678,0.761,0.749,0.696,0.53,0.543,0.583,0.749,0.862,0.758,0.572,0.528,0.467,0.475,0.468,0.632,13.83,0.931,16:30,2024-10-08
Choquetanga,0.723,0.861,0.838,0.636,0.725,0.577,0.581,0.631,0.617,0.79,0.816,0.777,0.738,0.684,0.572,0.533,0.599,0.613,0.799,0.562,0.598,0.685,0.654,0.556,16.164,0.882,01:15,2024-10-09
Choquetanga,0.608,0.413,0.468,0.52,0.532,0.567,0.616,0.652,0.637,0.685,0.815,0.688,0.688,0.779,0.676,0.653,0.452,0.356,0.381,0.586,0.404,0.406,0.678,0.786,14.044,0.846,23:45,2024-10-10
Choquetanga,0.804,0.723,0.589,0.534,0.535,0.561,0.633,0.447,0.647,0.793,0.721,0.818,0.789,0.629,0.708,0.556,0.495,0.427,0.349,0.43,0.676,0.689,0.663,0.501,14.714,0.847,11:30,2024-10-11
Choquetanga,0.578,0.45,0.465,0.472,0.464,0.607,0.652,0.741,0.804,0.846,0.882,0.876,0.663,0.534,0.622,0.674,0.901,0.931,0.711,0.505,0.482,0.485,0.487,0.632,15.461,0.986,11:00,2024-10-12
Choquetanga,0.648,0.639,0.598,0.742,0.75,0.753,0.787,0.788,0.863,0.845,0.721,0.869,0.847,0.829,0.65,0.436,0.745,0.62,0.587,0.63,0.612,0.608,0.613,0.619,16.795,0.947,12:00,2024-10-13
Choquetanga,0.597,0.397,0.381,0.346,0.354,0.496,0.528,0.632,0.7,0.705,0.774,0.774,0.532,0.527,0.528,0.528,0.631,0.641,0.718,0.722,0.737,0.733,0.586,0.701,14.265,0.841,11:00,2024-10-14
Choquetanga,0.481,0.461,0.485,0.521,0.693,0.802,0.63,0.692,0.522,0.452,0.47,0.493,0.559,0.685,0.683,0.663,0.711,0.663,0.514,0.58,0.585,0.585,0.719,0.75,14.396,0.852,06:15,2024-10-15
Choquetanga,0.74,0.599,0.653,0.535,0.531,0.573,0.572,0.654,0.816,0.828,0.707,0.601,0.534,0.563,0.516,0.51,0.519,0.738,0.696,0.625,0.687,0.566,0.675,0.489,14.926,0.856,10:00,2024-10-16
Choquetanga,0.464,0.509,0.673,0.707,0.717,0.648,0.699,0.579,0.575,0.411,0.381,0.386,0.345,0.691,0.734,0.733,0.7,0.684,0.597,0.607,0.449,0.383,0.383,0.526,13.577,0.844,06:15,2024-10-17
Choquetanga,0.585,0.622,0.558,0.62,0.476,0.558,0.579,0.677,0.415,0.367,0.343,0.355,0.429,0.652,0.63,0.632,0.601,0.581,0.395,0.458,0.516,0.422,0.385,0.502,12.355,0.724,17:30,2024-10-18
Choquetanga,0.674,0.61,0.611,0.502,0.538,0.409,0.448,0.564,0.571,0.575,0.555,0.59,0.437,0.804,0.811,0.778,0.644,0.504,0.326,0.376,0.388,0.369,0.527,0.701,13.307,0.848,23:30,2024-10-19
Choquetanga,0.599,0.436,0.513,0.606,0.612,0.518,0.513,0.544,0.387,0.37,0.344,0.673,0.663,0.665,0.676,0.502,0.725,0.728,0.487,0.611,0.373,0.35,0.375,0.368,12.634,0.783,11:45,2024-10-20
Choquetanga,0.363,0.449,0.477,0.426,0.431,0.528,0.55,0.398,0.584,0.578,0.667,0.506,0.672,0.328,0.452,0.465,0.708,0.736,0.657,0.423,0.498,0.486,0.351,0.337,12.068,0.775,12:30,2024-10-21
Choquetanga,0.421,0.622,0.666,0.652,0.653,0.64,0.599,0.526,0.438,0.559,0.44,0.483,0.614,0.851,0.794,0.652,0.561,0.55,0.436,0.508,0.526,0.479,0.579,0.45,13.698,0.894,14:00,2024-10-22
Choquetanga,0.382,0.591,0.679,0.656,0.625,0.582,0.468,0.475,0.424,0.428,0.648,0.707,0.511,0.754,0.667,0.595,0.66,0.709,0.358,0.48,0.44,0.616,0.601,0.622,13.675,0.879,11:00,2024-10-23
Choquetanga,0.614,0.61,0.628,0.45,0.404,0.381,0.424,0.5,0.7,0.678,0.767,0.649,0.653,0.567,0.58,0.559,0.61,0.837,0.548,0.563,0.626,0.603,0.593,0.374,13.916,0.868,17:15,2024-10-24
Choquetanga,0.394,0.404,0.408,0.517,0.659,0.69,0.641,0.635,0.585,0.562,0.674,0.607,0.523,0.595,0.741,0.679,0.697,0.425,0.497,0.43,0.43,0.397,0.407,0.546,13.14,0.791,14:00,2024-10-25
Choquetanga,0.557,0.665,0.663,0.501,0.583,0.466,0.554,0.534,0.405,0.396,0.639,0.667,0.39,0.501,0.581,0.421,0.589,0.425,0.396,0.492,0.629,0.67,0.687,0.628,13.036,0.723,11:00,2024-10-26
Choquetanga,0.612,0.404,0.401,0.395,0.426,0.623,0.618,0.468,0.613,0.575,0.317,0.457,0.345,0.245,0.238,0.303,0.323,0.336,0.369,0.41,0.408,0.476,0.584,0.383,10.326,0.677,06:15,2024-10-27
Choquetanga,0.347,0.301,0.262,0.274,0.278,0.297,0.353,0.565,0.7,0.663,0.456,0.801,0.681,0.474,0.428,0.503,0.58,0.681,0.668,0.551,0.658,0.644,0.572,0.503,12.237,0.851,11:45,2024-10-28
Choquetanga,0.341,0.406,0.431,0.54,0.682,0.695,0.595,0.659,0.438,0.444,0.45,0.517,0.539,0.803,0.844,0.846,0.741,0.576,0.612,0.581,0.545,0.501,0.426,0.495,13.703,0.872,14:45,2024-10-29
Choquetanga,0.34,0.369,0.434,0.647,0.678,0.693,0.609,0.53,0.423,0.44,0.493,0.742,0.548,0.647,0.584,0.652,0.364,0.491,0.423,0.426,0.45,0.427,0.412,0.464,12.283,0.921,11:30,2024-10-30
Choquetanga,0.709,0.713,0.69,0.573,0.514,0.433,0.468,0.51,0.491,0.663,0.643,0.654,0.542,0.605,0.506,0.456,0.404,0.482,0.393,0.532,0.651,0.622,0.579,0.44,13.269,0.75,13:30,2024-10-31
Choquetanga,0.561,0.515,0.415,0.512,0.552,0.578,0.503,0.621,0.528,0.681,0.663,0.682,0.535,0.529,0.616,0.48,0.47,0.577,0.538,0.427,0.573,0.548,0.542,0.449,13.093,0.75,14:00,2024-11-01
Choquetanga,0.473,0.38,0.429,0.511,0.514,0.474,0.641,0.402,0.555,0.676,0.655,0.568,0.624,0.497,0.354,0.381,0.656,0.658,0.547,0.431,0.438,0.592,0.365,0.355,12.173,0.802,12:30,2024-11-02
Choquetanga,0.394,0.427,0.409,0.492,0.649,0.668,0.575,0.49,0.625,0.471,0.481,0.454,0.387,0.532,0.568,0.635,0.57,0.488,0.557,0.459,0.405,0.371,0.32,0.289,11.713,0.708,06:15,2024-11-03
Choquetanga,0.281,0.285,0.311,0.325,0.322,0.306,0.296,0.422,0.483,0.398,0.479,0.558,0.544,0.403,0.588,0.591,0.47,0.482,0.346,0.43,0.618,0.614,0.599,0.436,10.584,0.695,24:00,2024-11-04
Choquetanga,0.699,0.494,0.465,0.424,0.448,0.581,0.612,0.571,0.599,0.329,0.561,0.449,0.457,0.482,0.554,0.469,0.549,0.634,0.423,0.414,0.576,0.582,0.44,0.494,12.303,0.705,00:45,2024-11-05
Choquetanga,0.468,0.291,0.306,0.332,0.533,0.533,0.464,0.551,0.3,0.45,0.425,0.48,0.492,0.527,0.483,0.636,0.553,0.567,0.409,0.668,0.521,0.438,0.378,0.351,11.154,0.692,20:00,2024-11-06
Choquetanga,0.522,0.56,0.539,0.359,0.487,0.363,0.382,0.51,0.331,0.453,0.456,0.339,0.438,0.404,0.592,0.611,0.609,0.517,0.431,0.431,0.418,0.404,0.636,0.597,11.389,0.644,22:30,2024-11-07
Choquetanga,0.439,0.558,0.343,0.32,0.309,0.339,0.398,0.494,0.56,0.577,0.527,0.615,0.507,0.395,0.434,0.671,0.705,0.724,0.567,0.624,0.428,0.358,0.4,0.399,11.69,0.753,18:00,2024-11-08
Choquetanga,0.539,0.599,0.574,0.47,0.451,0.464,0.392,0.416,0.379,0.368,0.463,0.599,0.507,0.546,0.679,0.644,0.519,0.541,0.536,0.446,0.417,0.576,0.614,0.589,12.324,0.705,14:15,2024-11-09
Choquetanga,0.567,0.421,0.382,0.317,0.548,0.557,0.645,0.634,0.598,0.579,0.578,0.55,0.577,0.62,0.466,0.479,0.702,0.587,0.541,0.561,0.613,0.545,0.376,0.345,12.784,0.777,16:15,2024-11-10
Choquetanga,0.363,0.324,0.308,0.285,0.267,0.293,0.341,0.392,0.523,0.502,0.619,0.63,0.734,0.511,0.481,0.499,0.342,0.404,0.346,0.371,0.393,0.431,0.553,0.591,10.5,0.76,12:15,2024-11-11
Choquetanga,0.581,0.438,0.465,0.404,0.281,0.317,0.358,0.496,0.571,0.546,0.519,0.468,0.265,0.268,0.295,0.367,0.643,0.748,0.615,0.566,0.49,0.351,0.34,0.334,10.723,0.798,17:00,2024-11-12
Choquetanga,0.41,0.397,0.546,0.53,0.5,0.323,0.578,0.454,0.423,0.457,0.485,0.51,0.534,0.589,0.682,0.658,0.637,0.553,0.416,0.415,0.364,0.381,0.411,0.359,11.607,0.707,14:45,2024-11-13
Choquetanga,0.534,0.54,0.535,0.347,0.515,0.377,0.399,0.39,0.336,0.424,0.554,0.551,0.492,0.501,0.472,0.392,0.332,0.465,0.447,0.422,0.577,0.604,0.602,0.461,11.264,0.637,22:15,2024-11-14
Choquetanga,0.434,0.601,0.561,0.425,0.506,0.463,0.442,0.391,0.377,0.456,0.398,0.577,0.393,0.654,0.66,0.632,0.606,0.419,0.382,0.411,0.403,0.383,0.392,0.401,11.365,0.688,14:15,2024-11-15
Choquetanga,0.509,0.55,0.515,0.296,0.489,0.328,0.346,0.387,0.311,0.467,0.477,0.347,0.353,0.512,0.554,0.58,0.585,0.472,0.398,0.409,0.398,0.384,0.536,0.512,10.711,0.677,15:45,2024-11-16
Choquetanga,0.449,0.341,0.289,0.294,0.362,0.386,0.578,0.549,0.603,0.582,0.55,0.532,0.346,0.529,0.6,0.529,0.563,0.483,0.483,0.456,0.549,0.553,0.494,0.208,11.304,0.655,06:45,2024-11-17
Choquetanga,0.255,0.225,0.222,0.216,0.23,0.263,0.332,0.344,0.425,0.518,0.386,0.514,0.473,0.327,0.307,0.337,0.3,0.341,0.354,0.422,0.448,0.581,0.447,0.345,8.61,0.601,21:15,2024-11-18
Choquetanga,0.396,0.401,0.381,0.39,0.349,0.506,0.573,0.474,0.57,0.362,0.498,0.32,0.318,0.326,0.353,0.304,0.364,0.432,0.484,0.604,0.595,0.56,0.567,0.432,10.555,0.647,19:30,2024-11-19
Choquetanga,0.42,0.363,0.511,0.509,0.368,0.505,0.429,0.38,0.326,0.303,0.385,0.448,0.45,0.431,0.425,0.433,0.401,0.451,0.459,0.537,0.588,0.556,0.561,0.349,10.586,0.604,20:30,2024-11-20
Choquetanga,0.334,0.371,0.372,0.405,0.407,0.42,0.45,0.46,0.427,0.377,0.301,0.298,0.373,0.544,0.555,0.521,0.507,0.532,0.518,0.463,0.574,0.605,0.465,0.516,10.793,0.711,14:00,2024-11-21
Choquetanga,0.511,0.379,0.358,0.385,0.413,0.466,0.589,0.428,0.539,0.53,0.444,0.531,0.485,0.304,0.37,0.409,0.415,0.549,0.557,0.563,0.62,0.407,0.517,0.477,11.244,0.672,06:30,2024-11-22
Choquetanga,0.356,0.305,0.303,0.489,0.53,0.572,0.595,0.501,0.328,0.369,0.395,0.404,0.558,0.473,0.559,0.47,0.464,0.465,0.484,0.45,0.593,0.621,0.598,0.564,11.445,0.695,20:45,2024-11-23
Choquetanga,0.547,0.505,0.509,0.551,0.586,0.547,0.469,0.432,0.471,0.509,0.603,0.691,0.586,0.354,0.518,0.353,0.336,0.388,0.435,0.535,0.595,0.601,0.57,0.598,12.285,0.73,12:00,2024-11-24
Choquetanga,0.328,0.284,0.319,0.32,0.317,0.285,0.36,0.379,0.346,0.34,0.328,0.431,0.498,0.433,0.39,0.661,0.631,0.463,0.568,0.494,0.401,0.389,0.38,0.353,9.697,0.682,15:45,2024-11-25
Choquetanga,0.543,0.551,0.51,0.537,0.39,0.422,0.627,0.605,0.417,0.43,0.386,0.501,0.488,0.32,0.412,0.518,0.515,0.518,0.423,0.469,0.581,0.683,0.66,0.652,12.154,0.699,21:30,2024-11-26
Choquetanga,0.572,0.51,0.42,0.444,0.612,0.539,0.598,0.512,0.36,0.418,0.503,0.531,0.534,0.403,0.355,0.346,0.334,0.596,0.381,0.412,0.595,0.576,0.49,0.532,11.568,0.729,17:45,2024-11-27
Choquetanga,0.446,0.371,0.346,0.386,0.382,0.506,0.55,0.38,0.65,0.741,0.679,0.38,0.61,0.432,0.444,0.449,0.558,0.55,0.489,0.438,0.616,0.643,0.593,0.733,12.366,0.802,22:30,2024-11-28
Choquetanga,0.47,0.368,0.329,0.394,0.336,0.361,0.595,0.401,0.55,0.568,0.625,0.491,0.7,0.42,0.442,0.557,0.679,0.619,0.626,0.597,0.62,0.592,0.444,0.518,12.299,0.726,16:30,2024-11-29
Choquetanga,0.365,0.396,0.432,0.394,0.37,0.58,0.598,0.493,0.561,0.683,0.672,0.626,0.556,0.291,0.502,0.586,0.719,0.672,0.434,0.54,0.411,0.405,0.433,0.387,12.103,0.769,12:15,2024-11-30
Choquetanga,0.338,0.401,0.449,0.463,0.478,0.59,0.617,0.432,0.541,0.533,0.463,0.427,0.342,0.258,0.322,0.228,0.251,0.568,0.563,0.505,0.511,0.563,0.554,0.34,10.733,0.703,06:15,2024-12-01
Choquetanga,0.224,0.224,0.235,0.232,0.265,0.313,0.294,0.481,0.65,0.581,0.861,0.772,0.607,0.469,0.39,0.54,0.716,0.635,0.384,0.537,0.357,0.321,0.308,0.307,10.7,0.887,10:45,2024-12-02
Choquetanga,0.374,0.419,0.495,0.495,0.362,0.501,0.378,0.4,0.36,0.5,0.544,0.671,0.646,0.466,0.369,0.43,0.522,0.713,0.58,0.539,0.624,0.511,0.505,0.485,11.887,0.776,13:15,2024-12-03
Choquetanga,0.322,0.288,0.343,0.415,0.548,0.562,0.603,0.51,0.425,0.368,0.469,0.435,0.485,0.678,0.688,0.539,0.562,0.725,0.63,0.426,0.405,0.571,0.341,0.323,11.657,0.826,18:00,2024-12-04
Choquetanga,0.306,0.331,0.523,0.531,0.532,0.388,0.608,0.471,0.363,0.421,0.51,0.531,0.587,0.663,0.675,0.689,0.472,0.681,0.33,0.423,0.382,0.334,0.453,0.474,11.676,0.723,14:15,2024-12-05
Choquetanga,0.429,0.48,0.527,0.517,0.358,0.551,0.457,0.423,0.374,0.526,0.621,0.7,0.495,0.553,0.535,0.462,0.426,0.491,0.308,0.456,0.573,0.473,0.475,0.468,11.673,0.743,11:00,2024-12-06
Choquetanga,0.427,0.489,0.317,0.282,0.276,0.294,0.394,0.452,0.532,0.534,0.507,0.643,0.572,0.346,0.438,0.482,0.59,0.648,0.453,0.511,0.643,0.595,0.399,0.477,11.295,0.737,12:15,2024-12-07
Choquetanga,0.568,0.32,0.304,0.351,0.447,0.548,0.593,0.439,0.355,0.371,0.558,0.565,0.556,0.553,0.52,0.274,0.576,0.623,0.6,0.455,0.562,0.583,0.564,0.556,11.835,0.648,06:45,2024-12-08
Choquetanga,0.392,0.444,0.52,0.521,0.465,0.339,0.586,0.459,0.3,0.426,0.541,0.502,0.302,0.407,0.514,0.54,0.543,0.568,0.437,0.458,0.47,0.582,0.574,0.539,11.43,0.624,07:15,2024-12-09
Choquetanga,0.44,0.408,0.412,0.355,0.401,0.43,0.47,0.47,0.562,0.685,0.72,0.711,0.564,0.592,0.516,0.457,0.475,0.452,0.312,0.425,0.464,0.597,0.63,0.609,12.155,0.757,12:15,2024-12-10
Choquetanga,0.552,0.38,0.527,0.407,0.311,0.306,0.407,0.444,0.39,0.318,0.517,0.618,0.558,0.47,0.582,0.512,0.606,0.452,0.341,0.43,0.445,0.462,0.577,0.563,11.171,0.72,11:45,2024-12-11
Choquetanga,0.48,0.544,0.53,0.35,0.504,0.327,0.429,0.447,0.407,0.498,0.522,0.544,0.501,0.478,0.392,0.342,0.411,0.501,0.595,0.525,0.591,0.565,0.492,0.431,11.403,0.634,19:00,2024-12-12
Choquetanga,0.364,0.382,0.377,0.384,0.538,0.553,0.477,0.499,0.534,0.485,0.368,0.423,0.383,0.358,0.375,0.46,0.507,0.501,0.391,0.444,0.469,0.314,0.299,0.283,10.164,0.592,06:15,2024-12-13
Choquetanga,0.269,0.259,0.26,0.254,0.259,0.27,0.266,0.296,0.275,0.375,0.535,0.514,0.51,0.347,0.364,0.421,0.431,0.524,0.41,0.281,0.255,0.252,0.227,0.218,8.07,0.564,17:45,2024-12-14
Choquetanga,0.211,0.204,0.203,0.283,0.303,0.301,0.273,0.268,0.263,0.288,0.454,0.396,0.297,0.196,0.187,0.189,0.205,0.199,0.204,0.215,0.215,0.218,0.2,0.187,5.957,0.459,10:45,2024-12-15
Choquetanga,0.185,0.181,0.174,0.173,0.176,0.193,0.228,0.236,0.207,0.228,0.266,0.242,0.206,0.209,0.197,0.202,0.198,0.225,0.246,0.259,0.275,0.27,0.255,0.221,5.248,0.28,21:15,2024-12-16
Choquetanga,0.223,0.216,0.209,0.207,0.216,0.228,0.267,0.284,0.228,0.214,0.328,0.4,0.303,0.376,0.359,0.343,0.352,0.389,0.358,0.419,0.407,0.422,0.435,0.384,7.564,0.454,13:00,2024-12-17
Choquetanga,0.281,0.204,0.201,0.205,0.204,0.219,0.252,0.335,0.264,0.221,0.211,0.254,0.239,0.201,0.328,0.353,0.266,0.232,0.259,0.234,0.251,0.322,0.412,0.401,6.348,0.427,22:00,2024-12-18
Choquetanga,0.35,0.198,0.197,0.198,0.195,0.209,0.242,0.237,0.201,0.198,0.205,0.207,0.179,0.186,0.232,0.39,0.386,0.34,0.325,0.371,0.382,0.371,0.37,0.36,6.526,0.409,19:45,2024-12-19
Choquetanga,0.332,0.332,0.181,0.185,0.188,0.203,0.237,0.23,0.366,0.43,0.425,0.352,0.366,0.201,0.192,0.36,0.35,0.355,0.216,0.242,0.253,0.27,0.276,0.214,6.751,0.44,10:45,2024-12-20
Choquetanga,0.199,0.193,0.19,0.184,0.185,0.216,0.251,0.218,0.191,0.199,0.178,0.183,0.173,0.182,0.186,0.181,0.179,0.182,0.202,0.213,0.217,0.226,0.21,0.192,4.73,0.287,06:15,2024-12-21
Choquetanga,0.189,0.187,0.188,0.24,0.207,0.198,0.225,0.217,0.194,0.188,0.186,0.194,0.183,0.174,0.175,0.173,0.184,0.192,0.197,0.214,0.238,0.207,0.205,0.192,4.745,0.279,20:45,2024-12-22
Choquetanga,0.187,0.185,0.183,0.183,0.242,0.205,0.226,0.208,0.19,0.186,0.184,0.196,0.181,0.184,0.183,0.189,0.192,0.189,0.201,0.215,0.216,0.208,0.201,0.191,4.723,0.248,05:00,2024-12-23
Choquetanga,0.178,0.178,0.175,0.179,0.171,0.182,0.201,0.184,0.191,0.194,0.182,0.196,0.172,0.157,0.156,0.158,0.163,0.161,0.172,0.184,0.176,0.18,0.173,0.172,4.235,0.208,06:30,2024-12-24
Choquetanga,0.173,0.168,0.164,0.167,0.167,0.169,0.182,0.17,0.164,0.161,0.168,0.164,0.158,0.153,0.151,0.157,0.159,0.169,0.182,0.184,0.179,0.177,0.17,0.168,4.022,0.197,06:30,2024-12-25
Choquetanga,0.166,0.165,0.155,0.157,0.158,0.164,0.182,0.167,0.167,0.176,0.176,0.174,0.16,0.148,0.158,0.158,0.166,0.158,0.175,0.219,0.201,0.207,0.191,0.187,4.131,0.25,20:00,2024-12-26
Choquetanga,0.201,0.162,0.159,0.164,0.16,0.165,0.177,0.174,0.169,0.172,0.154,0.158,0.146,0.146,0.147,0.153,0.154,0.171,0.171,0.188,0.177,0.18,0.172,0.172,3.99,0.22,00:30,2024-12-27
Choquetanga,0.168,0.157,0.157,0.155,0.157,0.164,0.181,0.171,0.181,0.173,0.16,0.163,0.167,0.168,0.176,0.171,0.168,0.174,0.181,0.186,0.186,0.188,0.176,0.179,4.105,0.197,19:30,2024-12-28
Choquetanga,0.168,0.166,0.162,0.164,0.162,0.172,0.191,0.188,0.183,0.169,0.174,0.173,0.169,0.168,0.173,0.176,0.173,0.185,0.189,0.186,0.192,0.194,0.196,0.195,4.266,0.207,22:45,2024-12-29
Choquetanga,0.181,0.177,0.174,0.17,0.172,0.176,0.197,0.192,0.187,0.17,0.184,0.156,0.158,0.152,0.163,0.152,0.153,0.169,0.177,0.186,0.178,0.185,0.179,0.172,4.154,0.201,06:15,2024-12-30
Choquetanga,0.171,0.168,0.166,0.171,0.165,0.167,0.182,0.182,0.18,0.161,0.155,0.158,0.155,0.155,0.162,0.155,0.158,0.156,0.171,0.174,0.178,0.173,0.173,0.169,4,0.195,06:45,2024-12-31
Choquetanga,0.167,0.165,0.169,0.168,0.169,0.168,0.172,0.174,0.164,0.177,0.17,0.175,0.15,0.149,0.147,0.154,0.156,0.172,0.168,0.178,0.178,0.173,0.162,0.162,3.985,0.186,08:00,2025-01-01
Choquetanga,0.166,0.159,0.159,0.159,0.156,0.161,0.171,0.161,0.179,0.172,0.163,0.165,0.155,0.15,0.153,0.169,0.169,0.162,0.181,0.192,0.19,0.191,0.185,0.177,4.044,0.199,21:30,2025-01-02
Choquetanga,0.171,0.169,0.17,0.169,0.168,0.177,0.188,0.163,0.165,0.167,0.161,0.176,0.167,0.16,0.148,0.146,0.146,0.159,0.173,0.192,0.195,0.188,0.181,0.174,4.072,0.199,20:45,2025-01-03
Choquetanga,0.165,0.165,0.162,0.165,0.162,0.171,0.179,0.179,0.177,0.164,0.16,0.157,0.161,0.17,0.168,0.175,0.17,0.172,0.188,0.202,0.214,0.217,0.193,0.183,4.215,0.232,21:00,2025-01-04
Choquetanga,0.172,0.167,0.166,0.172,0.17,0.206,0.24,0.285,0.504,0.508,0.422,0.327,0.279,0.242,0.254,0.348,0.333,0.254,0.246,0.256,0.258,0.228,0.225,0.216,6.473,0.517,09:15,2025-01-05
Choquetanga,0.271,0.277,0.228,0.266,0.23,0.254,0.317,0.313,0.385,0.403,0.469,0.503,0.341,0.248,0.263,0.258,0.354,0.361,0.365,0.43,0.512,0.545,0.527,0.438,8.559,0.591,20:30,2025-01-06
Choquetanga,0.486,0.312,0.256,0.26,0.393,0.424,0.588,0.562,0.547,0.457,0.393,0.369,0.319,0.326,0.39,0.372,0.525,0.541,0.372,0.373,0.581,0.585,0.369,0.472,10.272,0.627,07:00,2025-01-07
Choquetanga,0.52,0.349,0.262,0.302,0.362,0.402,0.419,0.463,0.54,0.535,0.533,0.543,0.481,0.464,0.315,0.309,0.4,0.531,0.541,0.492,0.594,0.584,0.391,0.471,10.8,0.613,21:00,2025-01-08
Choquetanga,0.557,0.298,0.259,0.35,0.383,0.347,0.583,0.565,0.555,0.566,0.448,0.528,0.469,0.317,0.304,0.344,0.431,0.552,0.574,0.612,0.698,0.596,0.529,0.488,11.35,0.712,20:30,2025-01-09
Choquetanga,0.553,0.292,0.26,0.275,0.332,0.439,0.332,0,0,0,0,0,0,0,0,0,0.023,0.204,0.319,0.504,0.582,0.589,0.578,0.427,5.708,0.619,20:15,2025-01-10
Choquetanga,0.558,0.359,0.33,0.376,0.402,0.405,0.416,0.464,0.553,0.538,0.455,0.541,0.436,0.454,0.269,0.261,0.397,0.539,0.581,0.51,0.465,0.596,0.576,0.482,10.961,0.614,18:45,2025-01-11
Choquetanga,0.577,0.342,0.275,0.355,0.407,0.47,0.528,0.497,0.576,0.576,0.563,0.593,0.354,0.499,0.527,0.376,0.437,0.492,0.539,0.536,0.407,0.469,0.263,0.225,10.882,0.626,11:30,2025-01-12
Choquetanga,0.219,0.259,0.229,0.202,0.279,0.261,0.296,0.412,0.516,0.483,0.407,0.419,0.266,0.251,0.349,0.415,0.433,0.56,0.582,0.632,0.609,0.568,0.561,0.438,9.642,0.66,19:30,2025-01-13
Choquetanga,0.362,0.249,0.36,0.369,0.385,0.382,0.455,0.508,0.553,0.495,0.525,0.503,0.319,0.446,0.273,0.226,0.243,0.276,0.38,0.52,0.576,0.575,0.57,0.478,10.022,0.604,19:45,2025-01-14
Choquetanga,0.468,0.431,0.349,0.31,0.465,0.505,0.601,0.495,0.535,0.532,0.512,0.598,0.551,0.438,0.401,0.49,0.461,0.495,0.549,0.655,0.755,0.742,0.627,0.628,12.59,0.764,21:00,2025-01-15
Choquetanga,0.589,0.347,0.492,0.507,0.503,0.54,0.617,0.536,0.576,0.626,0.607,0.562,0.391,0.453,0.46,0.535,0.544,0.663,0.643,0.732,0.482,0.53,0.656,0.642,13.23,0.76,19:30,2025-01-16
Choquetanga,0.681,0.575,0.535,0.53,0.535,0.505,0.595,0.43,0.307,0.407,0.444,0.461,0.286,0.451,0.609,0.587,0.494,0.57,0.317,0.558,0.585,0.564,0.455,0.436,11.915,0.728,01:00,2025-01-17
Choquetanga,0.581,0.539,0.512,0.518,0.515,0.396,0.538,0.335,0.289,0.312,0.408,0.545,0.552,0.491,0.653,0.67,0.563,0.465,0.479,0.579,0.527,0.586,0.571,0.598,12.22,0.744,23:15,2025-01-18
Choquetanga,0.625,0.554,0.545,0.504,0.475,0.596,0.482,0.38,0.354,0.435,0.424,0.512,0.367,0.392,0.535,0.538,0.542,0.553,0.567,0.606,0.537,0.541,0.467,0.317,11.843,0.674,00:45,2025-01-19
Choquetanga,0.268,0.235,0.296,0.274,0.239,0.262,0.346,0.488,0.581,0.482,0.496,0.392,0.348,0.339,0.329,0.434,0.388,0.556,0.591,0.604,0.587,0.595,0.574,0.502,10.204,0.631,19:30,2025-01-20
Choquetanga,0.479,0.329,0.299,0.322,0.5,0.559,0.569,0.553,0.63,0.623,0.626,0.503,0.458,0.417,0.373,0.323,0.527,0.63,0.65,0.74,0.754,0.724,0.612,0.515,12.71,0.844,19:45,2025-01-21
Choquetanga,0.495,0.326,0.409,0.42,0.347,0.554,0.588,0.543,0.593,0.501,0.537,0.4,0.392,0.452,0.406,0.544,0.666,0.718,0.662,0.62,0.724,0.6,0.586,0.402,12.482,0.751,20:15,2025-01-22
Choquetanga,0.449,0.395,0.417,0.534,0.546,0.545,0.501,0.475,0.343,0.449,0.451,0.467,0.404,0.57,0.56,0.572,0.566,0.557,0.567,0.536,0.5,0.337,0.319,0.423,11.481,0.608,19:15,2025-01-23
Choquetanga,0.458,0.558,0.535,0.53,0.457,0.488,0.384,0.435,0.327,0.231,0.431,0.59,0.605,0.563,0.483,0.331,0.507,0.32,0.304,0.42,0.366,0.348,0.326,0.32,10.313,0.645,12:15,2025-01-24
Choquetanga,0.545,0.58,0.566,0.556,0.451,0.494,0.46,0.402,0.316,0.472,0.65,0.693,0.311,0.526,0.567,0.407,0.51,0.457,0.492,0.511,0.407,0.413,0.483,0.506,11.773,0.719,11:30,2025-01-25
Choquetanga,0.547,0.592,0.559,0.554,0.486,0.485,0.464,0.403,0.305,0.402,0.587,0.576,0.342,0.394,0.272,0.4,0.575,0.583,0.422,0.625,0.765,0.661,0.519,0.512,12.027,0.787,20:45,2025-01-26
Choquetanga,0.303,0.269,0.269,0.276,0.29,0.29,0.354,0.495,0.574,0.579,0.581,0.561,0.441,0.436,0.29,0.284,0.328,0.518,0.633,0.632,0.772,0.764,0.748,0.688,11.373,0.783,20:45,2025-01-27
Choquetanga,0.494,0.444,0.268,0.275,0.398,0.386,0.389,0.543,0.582,0.636,0.605,0.567,0.576,0.471,0.515,0.352,0.439,0.396,0.322,0.55,0.637,0.632,0.606,0.496,11.575,0.714,10:00,2025-01-28
Choquetanga,0.532,0.392,0.27,0.28,0.34,0.551,0.598,0.493,0.579,0.564,0.554,0.544,0.564,0.317,0.308,0.281,0.311,0.438,0.387,0.494,0.632,0.634,0.606,0.625,11.291,0.678,12:15,2025-01-29
Choquetanga,0.605,0.547,0.478,0.489,0.298,0.303,0.411,0.475,0.38,0.373,0.439,0.334,0.401,0.621,0.693,0.698,0.64,0.653,0.471,0.451,0.373,0.474,0.478,0.432,11.516,0.729,15:15,2025-01-30
Choquetanga,0.4,0.523,0.541,0.541,0.548,0.576,0.493,0.431,0.385,0.355,0.353,0.485,0.615,0.575,0.428,0.514,0.621,0.56,0.429,0.444,0.35,0.348,0.589,0.589,11.689,0.732,16:15,2025-01-31
Choquetanga,0.59,0.426,0.499,0.407,0.334,0.357,0.416,0.404,0.362,0.365,0.293,0.27,0.319,0.498,0.538,0.564,0.564,0.575,0.617,0.55,0.479,0.409,0.372,0.444,10.648,0.748,18:00,2025-02-01
Choquetanga,0.587,0.541,0.481,0.5,0.408,0.367,0.438,0.369,0.36,0.437,0.565,0.576,0.523,0.437,0.606,0.567,0.467,0.485,0.364,0.494,0.575,0.565,0.453,0.393,11.557,0.71,15:15,2025-02-02
Choquetanga,0.371,0.317,0.245,0.248,0.274,0.367,0.356,0.477,0.507,0.545,0.626,0.749,0.671,0.591,0.571,0.395,0.44,0.435,0.359,0.396,0.537,0.583,0.56,0.531,11.148,0.789,11:30,2025-02-03
Choquetanga,0.552,0.463,0.271,0.273,0.267,0.386,0.58,0.48,0.566,0.538,0.512,0.618,0.509,0.391,0.393,0.412,0.422,0.46,0.492,0.501,0.592,0.589,0.514,0.488,11.267,0.698,11:45,2025-02-04
Choquetanga,0.505,0.282,0.253,0.263,0.448,0.525,0.416,0.526,0.586,0.569,0.446,0.516,0.349,0.302,0.386,0.453,0.471,0.464,0.422,0.466,0.62,0.582,0.499,0.522,10.866,0.631,20:15,2025-02-05
Choquetanga,0.504,0.254,0.245,0.258,0.489,0.534,0.583,0.485,0.575,0.488,0.486,0.351,0.521,0.331,0.412,0.425,0.657,0.669,0.537,0.486,0.613,0.623,0.548,0.561,11.633,0.703,17:45,2025-02-06
Choquetanga,0.457,0.282,0.265,0.337,0.377,0.324,0.478,0.575,0.589,0.549,0.438,0.499,0.262,0.255,0.502,0.4,0.412,0.607,0.632,0.571,0.622,0.609,0.524,0.558,11.121,0.721,18:00,2025-02-07
Choquetanga,0.419,0.298,0.319,0.481,0.554,0.561,0.585,0.61,0.54,0.298,0.329,0.429,0.457,0.449,0.558,0.541,0.456,0.534,0.398,0.512,0.391,0.421,0.58,0.613,11.33,0.664,19:15,2025-02-08
Choquetanga,0.622,0.503,0.346,0.326,0.487,0.571,0.661,0.633,0.596,0.607,0.517,0.292,0.396,0.414,0.341,0.37,0.514,0.582,0.511,0.5,0.554,0.601,0.402,0.288,11.629,0.694,06:15,2025-02-09
Choquetanga,0.28,0.275,0.262,0.268,0.271,0.286,0.373,0.369,0.334,0.336,0.532,0.573,0.545,0.548,0.63,0.702,0.635,0.66,0.668,0.611,0.596,0.603,0.58,0.592,11.524,0.759,18:45,2025-02-10
Choquetanga,0.603,0.602,0.612,0.569,0.498,0.55,0.522,0.466,0.433,0.295,0.525,0.621,0.397,0.482,0.576,0.63,0.571,0.509,0.391,0.39,0.377,0.358,0.476,0.56,12.01,0.692,15:45,2025-02-11
Choquetanga,0.617,0.564,0.476,0.512,0.325,0.323,0.402,0.471,0.486,0.602,0.589,0.569,0.37,0.461,0.62,0.679,0.665,0.42,0.377,0.511,0.4,0.549,0.619,0.605,12.208,0.81,16:00,2025-02-12
Choquetanga,0.48,0.545,0.432,0.295,0.294,0.303,0.406,0.476,0.429,0.577,0.648,0.691,0.505,0.707,0.663,0.589,0.555,0.411,0.369,0.452,0.482,0.612,0.6,0.517,12.035,0.774,13:45,2025-02-13
Choquetanga,0.606,0.356,0.286,0.278,0.287,0.312,0.523,0.531,0.577,0.563,0.561,0.54,0.522,0.418,0.461,0.435,0.509,0.722,0.606,0.528,0.641,0.633,0.604,0.448,11.944,0.756,17:30,2025-02-14
Choquetanga,0.528,0.35,0.291,0.289,0.276,0.411,0.418,0.513,0.57,0.587,0.512,0.547,0.632,0.337,0.373,0.431,0.407,0.33,0.409,0.616,0.641,0.647,0.597,0.387,11.096,0.759,12:00,2025-02-15
Choquetanga,0.554,0.468,0.44,0.389,0.314,0.522,0.588,0.516,0.613,0.709,0.678,0.629,0.467,0.642,0.594,0.529,0.663,0.388,0.525,0.47,0.477,0.634,0.628,0.592,13.026,0.731,14:00,2025-02-16
Choquetanga,0.359,0.396,0.294,0.292,0.296,0.305,0.414,0.481,0.555,0.568,0.544,0.402,0.403,0.515,0.314,0.301,0.303,0.356,0.481,0.509,0.621,0.619,0.604,0.582,10.514,0.655,20:45,2025-02-17
Choquetanga,0.613,0.584,0.553,0.555,0.559,0.569,0.509,0.542,0.623,0.66,0.716,0.606,0.599,0.509,0.429,0.442,0.333,0.41,0.413,0.541,0.645,0.638,0.581,0.603,13.227,0.753,10:00,2025-02-18
Choquetanga,0.49,0.333,0.339,0.334,0.329,0.581,0.569,0.561,0.604,0.612,0.722,0.652,0.714,0.427,0.437,0.459,0.535,0.585,0.458,0.493,0.441,0.628,0.646,0.545,12.49,0.752,12:30,2025-02-19
Choquetanga,0.561,0.488,0.288,0.283,0.28,0.33,0.497,0.547,0.614,0.597,0.584,0.52,0.587,0.393,0.3,0.428,0.561,0.574,0.533,0.55,0.673,0.631,0.632,0.601,12.048,0.681,20:15,2025-02-20
Choquetanga,0.506,0.553,0.31,0.273,0.311,0.333,0.669,0.522,0.497,0.622,0.741,0.746,0.719,0.685,0.492,0.464,0.567,0.593,0.489,0.593,0.673,0.501,0.375,0.467,12.697,0.777,10:30,2025-02-21
Choquetanga,0.503,0.447,0.433,0.421,0.397,0.322,0.406,0.44,0.349,0.431,0.577,0.59,0.618,0.525,0.397,0.425,0.432,0.487,0.655,0.68,0.646,0.637,0.631,0.601,12.044,0.71,19:30,2025-02-22
Choquetanga,0.631,0.612,0.52,0.357,0.377,0.454,0.519,0.504,0.602,0.59,0.538,0.548,0.594,0.524,0.464,0.663,0.633,0.577,0.657,0.644,0.399,0.353,0.35,0.463,12.568,0.755,15:45,2025-02-23
Choquetanga,0.419,0.401,0.394,0.307,0.273,0.286,0.365,0.455,0.349,0.339,0.551,0.701,0.683,0.526,0.688,0.536,0.66,0.595,0.388,0.466,0.494,0.53,0.601,0.564,11.568,0.724,12:30,2025-02-24
Choquetanga,0.629,0.575,0.554,0.522,0.51,0.465,0.4,0.513,0.434,0.433,0.608,0.745,0.76,0.556,0.56,0.538,0.598,0.554,0.353,0.372,0.419,0.462,0.511,0.56,12.63,0.801,12:15,2025-02-25
Choquetanga,0.58,0.532,0.517,0.439,0.515,0.448,0.378,0.487,0.448,0.419,0.433,0.411,0.399,0.468,0.684,0.571,0.553,0.634,0.589,0.452,0.36,0.377,0.438,0.496,11.623,0.724,14:45,2025-02-26
Choquetanga,0.526,0.474,0.563,0.543,0.55,0.495,0.641,0.512,0.333,0.33,0.332,0.408,0.57,0.601,0.598,0.708,0.703,0.739,0.629,0.574,0.353,0.329,0.448,0.526,12.481,0.748,17:15,2025-02-27
Choquetanga,0.506,0.491,0.558,0.576,0.55,0.465,0.602,0.509,0.307,0.362,0.574,0.591,0.647,0.593,0.615,0.623,0.652,0.466,0.582,0.606,0.478,0.377,0.442,0.463,12.633,0.679,16:45,2025-02-28
Choquetanga,0.458,0.438,0.424,0.477,0.579,0.594,0.662,0.608,0.641,0.54,0.483,0.425,0.479,0.44,0.409,0.523,0.73,0.763,0.572,0.489,0.532,0.389,0.389,0.487,12.528,0.797,17:45,2025-03-01
Choquetanga,0.417,0.464,0.513,0.545,0.523,0.54,0.577,0.582,0.412,0.288,0.388,0.372,0.365,0.348,0.28,0.356,0.471,0.498,0.566,0.509,0.487,0.514,0.375,0.304,10.69,0.625,07:15,2025-03-02
Choquetanga,0.288,0.269,0.275,0.263,0.245,0.284,0.367,0.456,0.449,0.452,0.465,0.505,0.476,0.414,0.357,0.522,0.481,0.549,0.581,0.526,0.392,0.322,0.549,0.566,10.048,0.664,19:15,2025-03-03
Choquetanga,0.382,0.287,0.307,0.324,0.298,0.331,0.406,0.478,0.393,0.301,0.297,0.404,0.466,0.502,0.536,0.511,0.503,0.282,0.314,0.34,0.315,0.322,0.304,0.334,8.933,0.549,14:30,2025-03-04
Choquetanga,0.348,0.279,0.281,0.286,0.33,0.383,0.37,0.459,0.427,0.4,0.306,0.396,0.438,0.374,0.488,0.495,0.502,0.503,0.422,0.461,0.412,0.328,0.351,0.37,9.406,0.523,17:30,2025-03-05
Choquetanga,0.35,0.343,0.315,0.263,0.268,0.321,0.398,0.389,0.344,0.365,0.362,0.503,0.456,0.476,0.52,0.504,0.504,0.334,0.335,0.386,0.437,0.446,0.426,0.495,9.538,0.62,24:00,2025-03-06
Choquetanga,0.617,0.542,0.5,0.383,0.284,0.291,0.451,0.52,0.541,0.308,0.524,0.297,0.274,0.281,0.34,0.374,0.384,0.337,0.384,0.644,0.607,0.59,0.584,0.553,10.607,0.711,19:15,2025-03-07
Choquetanga,0.608,0.451,0.316,0.312,0.401,0.491,0.568,0.52,0.578,0.567,0.685,0.476,0.488,0.464,0.452,0.47,0.514,0.691,0.746,0.47,0.529,0.601,0.6,0.605,12.599,0.763,18:45,2025-03-08
Choquetanga,0.584,0.457,0.508,0.534,0.531,0.55,0.551,0.592,0.325,0.328,0.423,0.413,0.441,0.541,0.529,0.493,0.564,0.62,0.604,0.583,0.444,0.344,0.363,0.38,11.7,0.659,17:45,2025-03-09
Choquetanga,0.297,0.295,0.274,0.278,0.279,0.351,0.352,0.45,0.417,0.449,0.529,0.61,0.736,0.566,0.507,0.596,0.369,0.332,0.413,0.494,0.475,0.607,0.605,0.583,10.862,0.768,13:00,2025-03-10
Choquetanga,0.6,0.51,0.382,0.318,0.41,0.403,0.616,0.441,0.57,0.559,0.546,0.548,0.529,0.465,0.513,0.518,0.524,0.57,0.514,0.553,0.643,0.617,0.594,0.443,12.38,0.663,07:00,2025-03-11
Choquetanga,0.393,0.356,0.422,0.443,0.569,0.571,0.534,0.613,0.453,0.426,0.426,0.547,0.728,0.602,0.646,0.638,0.563,0.561,0.393,0.471,0.505,0.575,0.622,0.621,12.675,0.765,12:15,2025-03-12
Choquetanga,0.599,0.603,0.534,0.334,0.336,0.429,0.518,0.571,0.458,0.548,0.563,0.678,0.736,0.551,0.681,0.654,0.345,0.394,0.52,0.523,0.523,0.503,0.571,0.664,12.832,0.779,12:30,2025-03-13
Choquetanga,0.644,0.597,0.531,0.599,0.458,0.442,0.498,0.466,0.586,0.54,0.573,0.695,0.747,0.661,0.686,0.692,0.576,0.635,0.555,0.459,0.382,0.438,0.517,0.441,13.418,0.761,12:45,2025-03-14
Choquetanga,0.626,0.578,0.553,0.562,0.566,0.576,0.629,0.644,0.36,0.336,0.371,0.556,0.422,0.489,0.536,0.523,0.409,0.505,0.397,0.458,0.476,0.502,0.587,0.583,12.244,0.693,07:45,2025-03-15
Choquetanga,0.607,0.571,0.534,0.533,0.532,0.552,0.605,0.53,0.579,0.603,0.581,0.493,0.667,0.536,0.702,0.661,0.549,0.567,0.576,0.629,0.592,0.397,0.445,0.409,13.444,0.758,15:15,2025-03-16
Choquetanga,0.295,0.343,0.389,0.294,0.271,0.291,0.362,0.491,0.569,0.556,0.558,0.485,0.58,0.491,0.307,0.321,0.408,0.431,0.5,0.564,0.665,0.676,0.64,0.665,11.149,0.691,21:30,2025-03-17
Choquetanga,0.604,0.393,0.412,0.451,0.474,0.615,0.684,0.605,0.594,0.589,0.569,0.489,0.616,0.348,0.32,0.296,0.502,0.568,0.599,0.671,0.618,0.57,0.635,0.37,12.587,0.722,00:15,2025-03-18
Choquetanga,0.422,0.416,0.485,0.517,0.621,0.623,0.656,0.471,0.007,0.007,0.007,0.084,0.361,0.381,0.338,0.41,0.586,0.597,0.684,0.695,0.652,0.638,0.628,0.414,10.698,0.742,07:15,2025-03-19
Choquetanga,0.389,0.31,0.298,0.528,0.55,0.609,0.669,0.649,0.498,0.468,0.598,0.692,0.558,0.66,0.805,0.823,0.837,0.811,0.629,0.845,0.663,0.639,0.592,0.458,14.576,0.891,19:45,2025-03-20
Choquetanga,0.593,0.539,0.528,0.527,0.532,0.501,0.582,0.515,0.385,0.413,0.279,0.567,0.472,0.512,0.57,0.549,0.549,0.484,0.73,0.652,0.392,0.364,0.373,0.432,12.037,0.793,19:00,2025-03-21
Choquetanga,0.541,0.651,0.584,0.534,0.484,0.31,0.422,0.421,0.32,0.472,0.578,0.566,0.667,0.639,0.7,0.695,0.602,0.678,0.523,0.602,0.396,0.502,0.502,0.482,12.869,0.724,15:15,2025-03-22
Choquetanga,0.524,0.481,0.567,0.568,0.59,0.585,0.612,0.453,0.331,0.684,0.713,0.532,0.571,0.516,0.482,0.628,0.586,0.569,0.581,0.662,0.621,0.6,0.626,0.482,13.563,0.743,10:45,2025-03-23
Choquetanga,0.314,0.302,0.299,0.301,0.365,0.346,0.386,0.477,0.578,0.573,0.621,0.684,0.626,0.442,0.424,0.447,0.458,0.391,0.503,0.43,0.614,0.646,0.64,0.522,11.386,0.761,12:30,2025-03-24
Choquetanga,0.644,0.453,0.331,0.33,0.436,0.593,0.63,0.571,0.594,0.526,0.521,0.393,0.401,0.334,0.305,0.291,0.298,0.429,0.621,0.651,0.638,0.631,0.605,0.477,11.701,0.692,19:15,2025-03-25
Choquetanga,0.613,0.381,0.304,0.295,0.303,0.547,0.613,0.621,0.581,0.614,0.72,0.7,0.794,0.339,0.451,0.441,0.409,0.468,0.803,0.755,0.709,0.803,0.666,0.522,13.448,0.896,19:00,2025-03-26
Choquetanga,0.643,0.403,0.334,0.32,0.372,0.595,0.638,0.655,0.592,0.58,0.567,0.651,0.722,0.403,0.443,0.446,0.583,0.73,0.753,0.778,0.703,0.528,0.58,0.6,13.616,0.819,20:15,2025-03-27
Choquetanga,0.559,0.594,0.6,0.583,0.406,0.53,0.646,0.501,0.343,0.335,0.376,0.375,0.567,0.682,0.693,0.709,0.681,0.696,0.785,0.639,0.442,0.502,0.634,0.636,13.51,0.834,19:00,2025-03-28
Choquetanga,0.644,0.478,0.488,0.495,0.522,0.569,0.526,0.435,0.326,0.31,0.345,0.58,0.729,0.572,0.553,0.667,0.675,0.679,0.764,0.593,0.554,0.559,0.377,0.462,12.9,0.835,19:00,2025-03-29
Choquetanga,0.5,0.442,0.586,0.572,0.567,0.446,0.541,0.497,0.454,0.581,0.567,0.608,0.542,0.532,0.399,0.433,0.564,0.578,0.589,0.538,0.496,0.435,0.437,0.447,12.347,0.692,11:15,2025-03-30
Choquetanga,0.508,0.429,0.45,0.467,0.382,0.344,0.399,0.479,0.519,0.525,0.533,0.422,0.581,0.377,0.314,0.305,0.325,0.447,0.523,0.577,0.643,0.604,0.632,0.601,11.384,0.668,20:30,2025-03-31
Choquetanga,0.629,0.558,0.445,0.314,0.31,0.342,0.504,0.508,0.321,0.385,0.553,0.542,0.596,0.538,0.504,0.516,0.471,0.319,0.386,0.461,0.468,0.503,0.451,0.611,11.231,0.683,24:00,2025-04-01
Choquetanga,0.657,0.571,0.576,0.572,0.324,0.34,0.541,0.556,0.487,0.565,0.561,0.541,0.58,0.592,0.403,0.328,0.326,0.353,0.454,0.611,0.661,0.66,0.648,0.622,12.527,0.68,00:15,2025-04-02
Choquetanga,0.63,0.631,0.426,0.391,0.472,0.5,0.529,0.584,0.595,0.609,0.594,0.567,0.599,0.563,0.336,0.313,0.318,0.355,0.448,0.607,0.671,0.652,0.602,0.589,12.578,0.678,20:45,2025-04-03
Choquetanga,0.635,0.334,0.376,0.466,0.478,0.589,0.692,0.633,0.613,0.519,0.572,0.409,0.469,0.327,0.322,0.306,0.521,0.585,0.641,0.627,0.668,0.655,0.614,0.602,12.654,0.703,06:30,2025-04-04
Choquetanga,0.661,0.387,0.345,0.434,0.544,0.596,0.66,0.615,0.51,0.425,0.46,0.445,0.425,0.425,0.579,0.609,0.604,0.585,0.65,0.604,0.427,0.415,0.393,0.408,12.201,0.702,19:00,2025-04-05
Choquetanga,0.527,0.516,0.612,0.614,0.6,0.606,0.668,0.636,0.604,0.574,0.58,0.558,0.543,0.622,0.594,0.575,0.585,0.594,0.651,0.64,0.623,0.613,0.597,0.585,14.315,0.717,07:00,2025-04-06
Choquetanga,0.536,0.34,0.35,0.343,0.378,0.42,0.533,0.507,0.366,0.344,0.381,0.34,0.477,0.58,0.596,0.579,0.571,0.574,0.67,0.564,0.423,0.426,0.417,0.496,11.208,0.726,19:15,2025-04-07
Choquetanga,0.559,0.485,0.518,0.599,0.64,0.582,0.664,0.616,0.421,0.339,0.351,0.468,0.546,0.579,0.571,0.589,0.621,0.629,0.649,0.564,0.505,0.397,0.43,0.511,12.828,0.72,07:00,2025-04-08
Choquetanga,0.466,0.519,0.58,0.573,0.566,0.512,0.424,0.453,0.343,0.37,0.582,0.599,0.682,0.555,0.566,0.535,0.536,0.574,0.706,0.483,0.395,0.505,0.519,0.497,12.537,0.791,18:30,2025-04-09
Choquetanga,0.47,0.526,0.615,0.599,0.575,0.603,0.583,0.524,0.377,0.364,0.598,0.628,0.556,0.67,0.697,0.716,0.704,0.549,0.629,0.586,0.535,0.43,0.4,0.382,13.312,0.75,11:00,2025-04-10
Choquetanga,0.45,0.519,0.594,0.592,0.558,0.591,0.502,0.524,0.405,0.328,0.338,0.413,0.493,0.334,0.386,0.391,0.366,0.777,0.688,0.574,0.669,0.666,0.63,0.606,12.39,0.863,18:00,2025-04-11
Choquetanga,0.562,0.442,0.346,0.389,0.485,0.536,0.651,0.591,0.591,0.638,0.729,0.707,0.699,0.561,0.464,0.414,0.307,0.337,0.425,0.536,0.659,0.645,0.61,0.618,12.94,0.764,12:30,2025-04-12
Choquetanga,0.647,0.561,0.717,0.622,0.733,0.765,0.743,0.667,0.668,0.691,0.695,0.723,0.715,0.573,0.701,0.705,0.51,0.477,0.536,0.516,0.517,0.507,0.493,0.396,14.875,0.815,06:15,2025-04-13
Choquetanga,0.309,0.276,0.278,0.356,0.411,0.304,0.397,0.583,0.605,0.587,0.617,0.549,0.629,0.51,0.357,0.437,0.412,0.757,0.659,0.633,0.651,0.642,0.629,0.54,12.123,0.792,18:00,2025-04-14
Choquetanga,0.477,0.468,0.424,0.35,0.463,0.457,0.658,0.63,0.587,0.582,0.57,0.578,0.636,0.439,0.321,0.307,0.415,0.591,0.635,0.548,0.654,0.632,0.657,0.551,12.63,0.707,07:15,2025-04-15
Choquetanga,0.348,0.404,0.436,0.506,0.489,0.343,0.41,0.577,0.589,0.566,0.568,0.569,0.623,0.56,0.441,0.32,0.409,0.446,0.488,0.545,0.656,0.643,0.611,0.547,12.092,0.663,21:15,2025-04-16
Choquetanga,0.581,0.391,0.319,0.321,0.359,0.577,0.661,0.624,0.603,0.587,0.559,0.454,0.607,0.468,0.412,0.566,0.61,0.597,0.518,0.516,0.628,0.631,0.615,0.58,12.783,0.726,07:00,2025-04-17
Choquetanga,0.592,0.355,0.323,0.358,0.432,0.581,0.641,0.637,0.639,0.752,0.714,0.725,0.68,0.596,0.485,0.449,0.537,0.683,0.635,0.561,0.634,0.58,0.604,0.488,13.678,0.79,12:15,2025-04-18
Choquetanga,0.318,0.309,0.409,0.363,0.412,0.565,0.606,0.591,0.572,0.648,0.714,0.67,0.758,0.508,0.472,0.452,0.574,0.714,0.61,0.514,0.615,0.637,0.607,0.591,13.228,0.777,12:30,2025-04-19
Choquetanga,0.58,0.588,0.58,0.573,0.578,0.595,0.639,0.657,0.6,0.594,0.571,0.567,0.606,0.55,0.696,0.641,0.735,0.356,0.417,0.476,0.427,0.396,0.37,0.355,13.145,0.784,14:45,2025-04-20
Choquetanga,0.368,0.432,0.423,0.412,0.391,0.39,0.382,0.531,0.629,0.595,0.601,0.67,0.757,0.712,0.553,0.47,0.575,0.578,0.546,0.642,0.652,0.648,0.633,0.615,13.203,0.795,12:30,2025-04-21
Choquetanga,0.6,0.567,0.496,0.538,0.57,0.387,0.447,0.545,0.54,0.532,0.529,0.604,0.699,0.612,0.638,0.614,0.638,0.604,0.678,0.588,0.424,0.4,0.41,0.383,13.041,0.717,12:15,2025-04-22
Choquetanga,0.458,0.509,0.618,0.607,0.634,0.641,0.695,0.698,0.685,0.474,0.404,0.448,0.428,0.496,0.623,0.608,0.636,0.631,0.682,0.59,0.435,0.418,0.52,0.496,13.431,0.761,07:15,2025-04-23
Choquetanga,0.525,0.539,0.602,0.612,0.602,0.608,0.665,0.633,0.436,0.364,0.346,0.422,0.511,0.625,0.698,0.57,0.565,0.578,0.615,0.566,0.415,0.398,0.506,0.51,12.905,0.751,14:15,2025-04-24
Choquetanga,0.523,0.55,0.607,0.611,0.608,0.608,0.666,0.557,0.367,0.479,0.514,0.711,0.588,0.534,0.663,0.707,0.697,0.754,0.407,0.478,0.417,0.411,0.475,0.606,13.533,0.808,12:15,2025-04-25
Choquetanga,0.62,0.608,0.597,0.603,0.6,0.497,0.564,0.551,0.5,0.455,0.604,0.774,0.522,0.664,0.758,0.718,0.715,0.653,0.554,0.483,0.401,0.408,0.634,0.625,14.106,0.783,11:30,2025-04-26
Choquetanga,0.601,0.592,0.525,0.539,0.621,0.615,0.647,0.667,0.617,0.612,0.713,0.786,0.766,0.735,0.744,0.608,0.763,0.681,0.623,0.622,0.609,0.608,0.422,0.389,15.104,0.859,12:00,2025-04-27
Choquetanga,0.34,0.323,0.32,0.31,0.319,0.341,0.406,0.535,0.605,0.675,0.54,0.749,0.737,0.718,0.648,0.569,0.548,0.579,0.474,0.515,0.427,0.528,0.517,0.561,12.28,0.83,12:30,2025-04-28
Choquetanga,0.588,0.574,0.581,0.612,0.61,0.602,0.645,0.603,0.498,0.482,0.391,0.601,0.694,0.679,0.692,0.672,0.692,0.709,0.487,0.489,0.391,0.467,0.5,0.519,13.775,0.743,12:30,2025-04-29
Choquetanga,0.596,0.594,0.578,0.586,0.577,0.577,0.589,0.656,0.586,0.599,0.38,0.311,0.315,0.3,0.449,0.543,0.535,0.577,0.586,0.604,0.59,0.38,0.372,0.453,12.328,0.732,07:15,2025-04-30
Choquetanga,0.458,0.552,0.56,0.567,0.586,0.58,0.619,0.636,0.431,0.322,0.308,0.294,0.283,0.505,0.423,0.37,0.228,0.242,0.275,0.364,0.332,0.305,0.298,0.293,9.826,0.694,07:15,2025-05-01
Choquetanga,0.348,0.307,0.285,0.286,0.284,0.308,0.391,0.479,0.418,0.417,0.443,0.423,0.471,0.415,0.397,0.344,0.517,0.56,0.596,0.623,0.621,0.605,0.578,0.554,10.668,0.634,19:45,2025-05-02
Choquetanga,0.338,0.367,0.423,0.389,0.466,0.483,0.573,0.593,0.448,0.417,0.437,0.449,0.628,0.367,0.558,0.53,0.55,0.457,0.468,0.474,0.375,0.487,0.513,0.596,11.384,0.668,07:30,2025-05-03
Choquetanga,0.583,0.571,0.554,0.556,0.557,0.317,0.404,0.495,0.451,0.499,0.583,0.653,0.828,0.728,0.696,0.616,0.737,0.754,0.612,0.556,0.35,0.401,0.472,0.456,13.426,0.863,12:45,2025-05-04
Choquetanga,0.427,0.428,0.422,0.429,0.401,0.319,0.391,0.487,0.471,0.673,0.656,0.691,0.727,0.631,0.644,0.458,0.469,0.599,0.614,0.691,0.741,0.771,0.762,0.591,13.492,0.791,21:30,2025-05-05
Choquetanga,0.543,0.521,0.461,0.449,0.44,0.43,0.639,0.641,0.613,0.59,0.628,0.679,0.726,0.447,0.492,0.572,0.596,0.584,0.631,0.522,0.65,0.593,0.611,0.525,13.582,0.81,12:00,2025-05-06
Choquetanga,0.472,0.453,0.459,0.464,0.561,0.674,0.745,0.719,0.651,0.689,0.621,0.569,0.608,0.364,0.45,0.467,0.591,0.735,0.724,0.656,0.807,0.789,0.727,0.805,14.799,0.918,23:30,2025-05-07
Choquetanga,0.716,0.533,0.592,0.457,0.457,0.457,0.518,0.638,0.77,0.614,0.578,0.609,0.651,0.679,0.496,0.42,0.31,0.502,0.763,0.722,0.802,0.854,0.864,0.734,14.732,0.952,22:15,2025-05-08
Choquetanga,0.816,0.534,0.42,0.311,0.451,0.426,0.417,0.594,0.619,0.6,0.643,0.664,0.678,0.687,0.515,0.331,0.434,0.433,0.455,0.505,0.637,0.634,0.639,0.597,13.038,0.855,00:15,2025-05-09
Choquetanga,0.565,0.459,0.537,0.433,0.371,0.326,0.383,0.605,0.581,0.6,0.59,0.594,0.658,0.546,0.357,0.353,0.351,0.457,0.605,0.559,0.674,0.678,0.654,0.636,12.569,0.687,18:15,2025-05-10
Choquetanga,0.437,0.579,0.48,0.4,0.491,0.495,0.562,0.608,0.581,0.575,0.595,0.727,0.682,0.58,0.334,0.355,0.565,0.603,0.629,0.64,0.661,0.638,0.607,0.59,13.411,0.784,12:15,2025-05-11
Choquetanga,0.461,0.453,0.444,0.418,0.411,0.316,0.384,0.578,0.663,0.696,0.658,0.746,0.72,0.736,0.523,0.461,0.462,0.477,0.548,0.552,0.774,0.743,0.756,0.549,13.526,0.854,21:45,2025-05-12
Choquetanga,0.541,0.458,0.335,0.436,0.342,0.345,0.432,0.488,0.361,0.321,0.37,0.541,0.414,0.463,0.381,0.286,0.297,0.321,0.416,0.553,0.523,0.494,0.454,0.509,10.075,0.6,07:15,2025-05-13
Choquetanga,0.472,0.36,0.317,0.338,0.419,0.429,0.424,0.403,0.448,0.441,0.411,0.469,0.277,0.457,0.53,0.434,0.448,0.526,0.539,0.657,0.844,0.754,0.765,0.78,11.941,0.943,20:00,2025-05-14
Choquetanga,0.591,0.347,0.51,0.449,0.41,0.504,0.59,0.628,0.616,0.526,0.659,0.881,0.816,0.759,0.612,0.695,0.82,0.905,0.777,0.719,0.544,0.553,0.491,0.627,15.026,0.981,17:30,2025-05-15
Choquetanga,0.567,0.427,0.385,0.34,0.333,0.358,0.462,0.528,0.509,0.542,0.649,0.778,0.658,0.554,0.48,0.486,0.589,0.607,0.568,0.647,0.573,0.697,0.655,0.507,12.896,0.839,11:45,2025-05-16
Choquetanga,0.61,0.468,0.447,0.516,0.445,0.416,0.51,0.494,0.473,0.541,0.532,0.468,0.535,0.562,0.589,0.617,0.588,0.507,0.442,0.414,0.367,0.368,0.362,0.337,11.607,0.664,00:30,2025-05-17
Choquetanga,0.417,0.518,0.513,0.495,0.45,0.47,0.568,0.472,0.362,0.355,0.325,0.362,0.375,0.295,0.301,0.338,0.359,0.339,0.46,0.403,0.37,0.37,0.34,0.332,9.584,0.694,07:15,2025-05-18
Choquetanga,0.324,0.314,0.311,0.314,0.318,0.337,0.412,0.453,0.52,0.484,0.478,0.522,0.507,0.412,0.492,0.453,0.414,0.308,0.454,0.637,0.69,0.698,0.611,0.637,11.097,0.737,19:15,2025-05-19
Choquetanga,0.653,0.445,0.346,0.383,0.348,0.362,0.454,0.46,0.353,0.33,0.474,0.587,0.589,0.432,0.484,0.459,0.439,0.337,0.531,0.64,0.671,0.548,0.395,0.637,11.353,0.709,12:30,2025-05-20
Choquetanga,0.649,0.385,0.336,0.447,0.401,0.353,0.456,0.422,0.353,0.328,0.29,0.295,0.371,0.303,0.364,0.308,0.405,0.533,0.687,0.643,0.717,0.69,0.677,0.714,11.125,0.848,19:00,2025-05-21
Choquetanga,0.696,0.45,0.452,0.517,0.462,0.475,0.612,0.431,0.354,0.37,0.532,0.539,0.555,0.613,0.627,0.548,0.54,0.459,0.531,0.584,0.538,0.511,0.478,0.386,12.255,0.781,19:15,2025-05-22
Choquetanga,0.425,0.354,0.373,0.532,0.431,0.369,0.47,0.542,0.321,0.454,0.471,0.427,0.423,0.606,0.62,0.499,0.607,0.512,0.525,0.561,0.603,0.757,0.709,0.723,12.311,0.812,21:30,2025-05-23
Choquetanga,0.685,0.316,0.373,0.587,0.601,0.362,0.482,0.53,0.463,0.475,0.658,0.683,0.559,0.646,0.649,0.686,0.534,0.577,0.556,0.574,0.538,0.539,0.522,0.67,13.261,0.76,00:30,2025-05-24
Choquetanga,0.651,0.343,0.309,0.34,0.414,0.358,0.42,0.412,0.315,0.309,0.312,0.298,0.34,0.369,0.417,0.382,0.32,0.415,0.423,0.412,0.364,0.358,0.385,0.333,8.997,0.7,00:45,2025-05-25
Choquetanga,0.398,0.345,0.295,0.305,0.306,0.321,0.43,0.534,0.381,0.318,0.432,0.576,0.622,0.549,0.587,0.601,0.584,0.658,0.705,0.595,0.469,0.525,0.436,0.472,11.439,0.735,18:00,2025-05-26
Choquetanga,0.612,0.486,0.447,0.443,0.455,0.466,0.54,0.505,0.454,0.443,0.474,0.532,0.548,0.503,0.46,0.365,0.373,0.489,0.536,0.508,0.5,0.504,0.468,0.474,11.582,0.655,00:45,2025-05-27
Choquetanga,0.55,0.504,0.478,0.479,0.487,0.502,0.541,0.566,0.503,0.476,0.569,0.556,0.459,0.516,0.536,0.48,0.545,0.577,0.597,0.548,0.522,0.669,0.531,0.47,12.658,0.684,21:15,2025-05-28
Choquetanga,0.52,0.493,0.45,0.445,0.439,0.47,0.527,0.618,0.53,0.576,0.439,0.431,0.504,0.414,0.414,0.383,0.404,0.45,0.554,0.567,0.735,0.856,0.721,0.824,12.761,0.876,21:45,2025-05-29
Choquetanga,0.881,0.591,0.488,0.518,0.664,0.68,0.551,0.539,0.381,0.367,0.605,0.469,0.449,0.543,0.569,0.641,0.669,0.758,0.769,0.627,0.709,0.819,0.663,0.633,14.58,0.946,01:00,2025-05-30
Choquetanga,0.562,0.575,0.615,0.539,0.611,0.478,0.515,0.565,0.42,0.294,0.391,0.642,0.539,0.37,0.526,0.463,0.505,0.434,0.384,0.481,0.508,0.499,0.481,0.472,11.863,0.763,12:00,2025-05-31
Choquetanga,0.53,0.428,0.385,0.381,0.38,0.397,0.444,0.53,0.51,0.486,0.461,0.468,0.504,0.444,0.475,0.494,0.483,0.581,0.681,0.693,0.58,0.521,0.5,0.393,11.747,0.751,19:00,2025-06-01
Choquetanga,0.444,0.459,0.467,0.514,0.383,0.391,0.436,0.525,0.537,0.525,0.477,0.587,0.576,0.591,0.601,0.531,0.425,0.462,0.536,0.686,0.742,0.809,0.715,0.81,13.227,0.831,23:45,2025-06-02
Choquetanga,0.665,0.595,0.602,0.54,0.618,0.65,0.665,0.622,0.573,0.461,0.523,0.441,0.471,0.303,0.308,0.404,0.457,0.522,0.55,0.567,0.635,0.748,0.752,0.741,13.409,0.842,23:00,2025-06-03
Choquetanga,0.727,0.505,0.491,0.491,0.47,0.625,0.707,0.593,0.623,0.609,0.684,0.711,0.648,0.748,0.815,0.65,0.548,0.628,0.552,0.579,0.621,0.638,0.496,0.356,14.511,0.83,15:00,2025-06-04
Choquetanga,0.392,0.373,0.445,0.448,0.448,0.467,0.579,0.471,0.36,0.346,0.338,0.303,0.373,0.327,0.427,0.567,0.565,0.648,0.655,0.642,0.588,0.705,0.669,0.808,11.94,0.831,24:00,2025-06-05
Choquetanga,0.659,0.608,0.558,0.461,0.443,0.477,0.611,0.506,0.488,0.479,0.501,0.589,0.556,0.606,0.614,0.56,0.609,0.664,0.713,0.719,0.786,0.737,0.652,0.693,14.285,0.832,21:00,2025-06-06
Choquetanga,0.703,0.381,0.309,0.37,0.369,0.432,0.505,0.542,0.582,0.545,0.647,0.67,0.41,0.425,0.404,0.308,0.489,0.423,0.539,0.544,0.561,0.561,0.569,0.526,11.811,0.732,11:15,2025-06-07
Choquetanga,0.539,0.343,0.392,0.307,0.358,0.362,0.404,0.559,0.456,0.448,0.411,0.306,0.279,0.272,0.271,0.271,0.333,0.362,0.474,0.489,0.495,0.505,0.538,0.484,9.656,0.646,07:15,2025-06-08
Choquetanga,0.36,0.322,0.323,0.329,0.328,0.353,0.449,0.404,0.341,0.409,0.461,0.542,0.534,0.353,0.318,0.294,0.299,0.42,0.606,0.603,0.531,0.47,0.375,0.439,9.864,0.686,19:00,2025-06-09
Choquetanga,0.524,0.326,0.445,0.381,0.327,0.454,0.49,0.458,0.324,0.311,0.436,0.441,0.482,0.425,0.409,0.401,0.469,0.525,0.5,0.551,0.532,0.503,0.519,0.525,10.754,0.615,07:15,2025-06-10
Choquetanga,0.581,0.48,0.463,0.454,0.455,0.481,0.479,0.504,0.496,0.459,0.416,0.411,0.443,0.433,0.409,0.397,0.392,0.56,0.676,0.523,0.683,0.695,0.546,0.464,11.897,0.797,21:00,2025-06-11
Choquetanga,0.583,0.398,0.312,0.38,0.468,0.373,0.496,0.431,0.393,0.422,0.469,0.546,0.411,0.458,0.423,0.422,0.519,0.513,0.475,0.562,0.568,0.565,0.625,0.526,11.333,0.689,00:45,2025-06-12
Choquetanga,0.584,0.487,0.552,0.395,0.486,0.498,0.585,0.55,0.487,0.491,0.324,0.324,0.308,0.339,0.56,0.557,0.446,0.56,0.656,0.632,0.526,0.528,0.561,0.64,12.072,0.737,19:30,2025-06-13
Choquetanga,0.508,0.421,0.472,0.398,0.327,0.346,0.492,0.43,0.324,0.381,0.415,0.434,0.433,0.4,0.307,0.362,0.433,0.448,0.511,0.597,0.644,0.632,0.647,0.628,10.987,0.698,24:00,2025-06-14
Choquetanga,0.579,0.367,0.395,0.437,0.591,0.606,0.558,0.499,0.091,0,0,0,0,0,0,0,0,0,0,0,0,0,0,0,4.123,0.698,00:15,2025-06-15
Choquetanga,0.202,0.213,0.277,0.27,0.271,0.216,0.315,0.53,0.527,0.671,0.593,0.631,0.506,0.56,0.503,0.442,0.459,0.508,0.574,0.602,0.531,0.564,0.594,0.839,11.395,0.886,24:00,2025-06-16
Choquetanga,0.746,0.454,0.43,0.44,0.491,0.556,0.652,0.479,0.473,0.519,0.544,0.6,0.618,0.458,0.563,0.548,0.103,0,0,0,0,0,0,0,8.671,0.85,00:15,2025-06-17
Choquetanga,0,0,0,0,0,0,0,0,0,0,0,0,0,0,0,0,0,0,0,0,0,0,0,0,0,0,     ,2025-06-18
Choquetanga,0,0,0,0,0,0,0,0,0,0,0,0,0,0,0,0,0,0,0,0,0.011,0.403,0.523,0.561,1.498,0.61,23:15,2025-06-19
Choquetanga,0.564,0.438,0.424,0.438,0.445,0.479,0.541,0.517,0.569,0.538,0.587,0.637,0.461,0.592,0.744,0.644,0.682,0.722,0.676,0.581,0.398,0.379,0.359,0.529,12.943,0.781,18:15,2025-06-20
Choquetanga,0.509,0.415,0.314,0.331,0.447,0.53,0.47,0.474,0.455,0.43,0.568,0.616,0.516,0.498,0.487,0.632,0.645,0.637,0.58,0.503,0.487,0.499,0.503,0.486,12.031,0.774,16:45,2025-06-21
Choquetanga,0.51,0.445,0.447,0.448,0.443,0.461,0.507,0.473,0.407,0.406,0.385,0.383,0.294,0.247,0.236,0.301,0.39,0.474,0.451,0.58,0.582,0.439,0.362,0.327,9.997,0.618,19:45,2025-06-22
Choquetanga,0.299,0.283,0.281,0.323,0.28,0.279,0.351,0.443,0.394,0.398,0.404,0.401,0.356,0.353,0.384,0.387,0.283,0.257,0.384,0.421,0.387,0.398,0.403,0.369,8.517,0.509,07:15,2025-06-23
Choquetanga,0.353,0.465,0.492,0.433,0.363,0.34,0.377,0.38,0.296,0.49,0.547,0.504,0.44,0.539,0.446,0.39,0.399,0.476,0.373,0.395,0.375,0.364,0.344,0.332,9.911,0.579,09:45,2025-06-24
Choquetanga,0.431,0.29,0.299,0.331,0.324,0.333,0.431,0.55,0.406,0.344,0.391,0.488,0.545,0.576,0.619,0.584,0.542,0.529,0.448,0.512,0.458,0.562,0.587,0.52,11.097,0.64,14:45,2025-06-25
Choquetanga,0.446,0.524,0.518,0.428,0.352,0.409,0.519,0.524,0.471,0.413,0.367,0.343,0.32,0.49,0.585,0.414,0.474,0.563,0.639,0.418,0.465,0.642,0.507,0.596,11.421,0.675,18:45,2025-06-26
Choquetanga,0.584,0.493,0.574,0.562,0.479,0.58,0.607,0.414,0.331,0.527,0.484,0.424,0.507,0.424,0.449,0.463,0.438,0.397,0.526,0.51,0.408,0.399,0.531,0.532,11.641,0.643,18:15,2025-06-27
Choquetanga,0.473,0.511,0.608,0.617,0.637,0.557,0.622,0.542,0.399,0.462,0.561,0.487,0.452,0.418,0.421,0.561,0.564,0.584,0.517,0.499,0.503,0.5,0.374,0.58,12.445,0.667,06:45,2025-06-28
Choquetanga,0.502,0.431,0.487,0.431,0.361,0.367,0.509,0.49,0.462,0.41,0.29,0.319,0.35,0.293,0.301,0.3,0.297,0.326,0.383,0.491,0.485,0.469,0.406,0.387,9.543,0.579,00:15,2025-06-29
Choquetanga,0.319,0.301,0.306,0.304,0.341,0.353,0.411,0.528,0.63,0.702,0.552,0.616,0.603,0.667,0.726,0.73,0.604,0.574,0.519,0.486,0.407,0.362,0.351,0.326,11.716,0.76,16:00,2025-06-30
Choquetanga,0.35,0.317,0.302,0.372,0.428,0.322,0.397,0.438,0.334,0.435,0.437,0.472,0.396,0.374,0.423,0.425,0.388,0.435,0.403,0.434,0.416,0.345,0.373,0.439,9.451,0.567,07:15,2025-07-01
Choquetanga,0.312,0.41,0.354,0.282,0.283,0.308,0.416,0.461,0.565,0.336,0.303,0.582,0.394,0.492,0.55,0.482,0.454,0.487,0.44,0.458,0.402,0.394,0.452,0.357,9.973,0.632,17:45,2025-07-02
Choquetanga,0.441,0.395,0.484,0.467,0.435,0.455,0.608,0.548,0.514,0.481,0.639,0.509,0.386,0.487,0.487,0.438,0.316,0.264,0.328,0.4,0.381,0.415,0.377,0.4,10.652,0.73,06:45,2025-07-03
Choquetanga,0.434,0.432,0.424,0.352,0.306,0.315,0.409,0.442,0.456,0.426,0.353,0.545,0.44,0.469,0.397,0.377,0.363,0.402,0.413,0.489,0.524,0.532,0.514,0.391,10.202,0.61,07:15,2025-07-04
Choquetanga,0.471,0.463,0.574,0.553,0.417,0.465,0.538,0.451,0.416,0.421,0.524,0.416,0.428,0.488,0.483,0.509,0.594,0.557,0.357,0.405,0.372,0.468,0.346,0.321,11.035,0.693,17:00,2025-07-05
Choquetanga,0.344,0.324,0.32,0.459,0.454,0.468,0.514,0.495,0.455,0.434,0.378,0.394,0.342,0.372,0.475,0.467,0.528,0.535,0.459,0.493,0.617,0.495,0.48,0.338,10.638,0.653,20:45,2025-07-06
Choquetanga,0.32,0.311,0.303,0.301,0.305,0.32,0.401,0.492,0.46,0.558,0.574,0.567,0.526,0.479,0.443,0.53,0.539,0.727,0.488,0.591,0.604,0.661,0.603,0.636,11.738,0.738,18:00,2025-07-07
Choquetanga,0.495,0.511,0.573,0.454,0.459,0.532,0.516,0.502,0.473,0.501,0.582,0.556,0.438,0.552,0.558,0.519,0.553,0.452,0.488,0.514,0.413,0.377,0.35,0.34,11.704,0.613,02:30,2025-07-08
Choquetanga,0.311,0.522,0.521,0.49,0.475,0.492,0.527,0.51,0.493,0.569,0.604,0.563,0.464,0.434,0.542,0.4,0.513,0.624,0.533,0.525,0.52,0.529,0.392,0.372,11.92,0.67,17:45,2025-07-09
Choquetanga,0.486,0.502,0.583,0.488,0.477,0.498,0.54,0.525,0.519,0.543,0.722,0.69,0.434,0.644,0.567,0.524,0.533,0.61,0.464,0.51,0.536,0.388,0.371,0.35,12.501,0.757,11:00,2025-07-10
Choquetanga,0.351,0.478,0.474,0.479,0.491,0.495,0.516,0.388,0.356,0.544,0.602,0.55,0.378,0.475,0.579,0.522,0.412,0.568,0.433,0.653,0.655,0.63,0.655,0.578,12.261,0.769,20:15,2025-07-11
Choquetanga,0.452,0.32,0.417,0.486,0.612,0.545,0.559,0.59,0.627,0.59,0.586,0.549,0.423,0.413,0.424,0.576,0.668,0.67,0.615,0.732,0.766,0.575,0.513,0.495,13.201,0.937,20:00,2025-07-12
Choquetanga,0.571,0.589,0.543,0.507,0.603,0.704,0.599,0.541,0.456,0.465,0.527,0.559,0.394,0.284,0.32,0.308,0.354,0.348,0.407,0.499,0.51,0.505,0.508,0.535,11.633,0.766,05:15,2025-07-13
Choquetanga,0.325,0.293,0.302,0.303,0.364,0.323,0.441,0.515,0.448,0.449,0.52,0.571,0.342,0.532,0.493,0.536,0.611,0.692,0.641,0.546,0.574,0.543,0.491,0.738,11.591,0.823,23:30,2025-07-14
Choquetanga,0.664,0.474,0.469,0.468,0.33,0.383,0.575,0.673,0.601,0.713,0.788,0.68,0.389,0.524,0.527,0.664,0.566,0.598,0.656,0.603,0.705,0.677,0.696,0.669,14.09,0.867,10:45,2025-07-15
Choquetanga,0.586,0.499,0.482,0.472,0.476,0.479,0.499,0.553,0.439,0.502,0.462,0.389,0.372,0.379,0.52,0.532,0.4,0.424,0.383,0.5,0.402,0.407,0.478,0.437,11.069,0.622,07:45,2025-07-16
Choquetanga,0.535,0.45,0.448,0.446,0.538,0.614,0.598,0.59,0.536,0.606,0.518,0.482,0.392,0.49,0.404,0.49,0.397,0.438,0.456,0.611,0.634,0.491,0.667,0.785,12.612,0.884,24:00,2025-07-17
Choquetanga,0.737,0.636,0.547,0.44,0.439,0.517,0.506,0.47,0.588,0.64,0.723,0.705,0.705,0.759,0.607,0.698,0.751,0.844,0.668,0.567,0.546,0.649,0.51,0.565,14.812,0.919,17:15,2025-07-18
Choquetanga,0.65,0.484,0.453,0.42,0.431,0.426,0.573,0.722,0.747,0.667,0.722,0.771,0.599,0.475,0.447,0.64,0.756,0.693,0.637,0.575,0.476,0.632,0.548,0.634,14.175,0.885,16:30,2025-07-19
Choquetanga,0.544,0.625,0.561,0.559,0.58,0.435,0.455,0.627,0.73,0.755,0.545,0.546,0.449,0.391,0.393,0.394,0.477,0.454,0.444,0.525,0.625,0.594,0.403,0.331,12.438,0.797,08:45,2025-07-20
Choquetanga,0.309,0.307,0.301,0.295,0.3,0.315,0.41,0.58,0.623,0.322,0.355,0.435,0.407,0.535,0.581,0.364,0.352,0.435,0.496,0.517,0.536,0.399,0.369,0.353,9.893,0.689,13:45,2025-07-21
Choquetanga,0.341,0.345,0.335,0.304,0.297,0.327,0.457,0.641,0.751,0.668,0.71,0.084,0.007,0.007,0.007,0.007,0.01,0.034,0.05,0.071,0.144,0.3,0.561,0.669,7.124,0.814,08:30,2025-07-22
Choquetanga,0.564,0.637,0.731,0.538,0.394,0.423,0.489,0.446,0.358,0.557,0.736,0.688,0.542,0.568,0.551,0.553,0.457,0.42,0.547,0.557,0.55,0.55,0.57,0.526,12.949,0.8,02:45,2025-07-23
Choquetanga,0.493,0.487,0.426,0.288,0.3,0.326,0.416,0.505,0.569,0.555,0.491,0.501,0.405,0.599,0.748,0.608,0.607,0.672,0.533,0.572,0.669,0.628,0.53,0.558,12.484,0.768,14:30,2025-07-24
Choquetanga,0.533,0.62,0.554,0.42,0.483,0.554,0.609,0.542,0.505,0.613,0.692,0.592,0.482,0.687,0.731,0.618,0.699,0.718,0.745,0.546,0.498,0.484,0.578,0.59,14.09,0.788,18:45,2025-07-25
Choquetanga,0.448,0.601,0.651,0.544,0.468,0.588,0.593,0.508,0.481,0.453,0.582,0.535,0.544,0.475,0.544,0.513,0.446,0.601,0.783,0.587,0.566,0.514,0.441,0.444,12.905,0.803,18:45,2025-07-26
Choquetanga,0.376,0.358,0.472,0.471,0.457,0.471,0.52,0.505,0.361,0.283,0.28,0.275,0.238,0.229,0.256,0.263,0.283,0.303,0.335,0.376,0.322,0.321,0.314,0.295,8.364,0.535,07:15,2025-07-27
Choquetanga,0.289,0.289,0.287,0.287,0.288,0.304,0.357,0.379,0.512,0.4,0.4,0.536,0.455,0.441,0.453,0.473,0.339,0.315,0.618,0.658,0.912,0.677,0.871,0.862,11.403,0.975,20:45,2025-07-28
Choquetanga,0.612,0.595,0.658,0.609,0.581,0.715,0.65,0.416,0.357,0.182,0.469,0.469,0.527,0.483,0.511,0.48,0.409,0.661,0.624,0.508,0.632,0.468,0.533,0.657,12.804,0.765,06:15,2025-07-29
Choquetanga,0.549,0.488,0.431,0.293,0.297,0.294,0.38,0.397,0.406,0.618,0.585,0.599,0.516,0.569,0.542,0.733,0.607,0.499,0.632,0.791,0.798,0.649,0.506,0.435,12.612,0.834,19:30,2025-07-30
Choquetanga,0.333,0.303,0.342,0.318,0.332,0.349,0.416,0.465,0.619,0.659,0.503,0.465,0.457,0.4,0.427,0.428,0.444,0.55,0.524,0.521,0.354,0.358,0.346,0.358,10.269,0.673,09:15,2025-07-31
Choquetanga,0.348,0.336,0.299,0.296,0.297,0.309,0.439,0.486,0.316,0.298,0.302,0.444,0.331,0.352,0.408,0.346,0.413,0.538,0.412,0.544,0.529,0.383,0.371,0.349,9.141,0.64,07:00,2025-08-01
Choquetanga,0.355,0.359,0.333,0.324,0.329,0.349,0.412,0.468,0.317,0.332,0.363,0.366,0.374,0.405,0.466,0.415,0.403,0.358,0.296,0.39,0.463,0.424,0.448,0.448,9.194,0.52,14:30,2025-08-02
Choquetanga,0.429,0.435,0.413,0.403,0.357,0.438,0.473,0.388,0.288,0.332,0.368,0.301,0.237,0.302,0.409,0.305,0.266,0.284,0.382,0.39,0.317,0.305,0.299,0.297,8.414,0.485,06:15,2025-08-03
Choquetanga,0.281,0.275,0.265,0.265,0.282,0.3,0.378,0.392,0.392,0.282,0.318,0.328,0.267,0.3,0.327,0.325,0.311,0.316,0.469,0.435,0.49,0.342,0.458,0.544,8.339,0.712,23:00,2025-08-04
Choquetanga,0.417,0.43,0.433,0.426,0.436,0.454,0.464,0.468,0.391,0.277,0.345,0.326,0.229,0.32,0.436,0.397,0.407,0.326,0.342,0.377,0.355,0.334,0.335,0.311,9.036,0.48,07:30,2025-08-05
Choquetanga,0.393,0.354,0.299,0.29,0.304,0.324,0.431,0.478,0.417,0.407,0.403,0.413,0.256,0.367,0.405,0.251,0.265,0.247,0.323,0.378,0.325,0.316,0.312,0.287,8.243,0.524,07:00,2025-08-06
Choquetanga,0.343,0.3,0.416,0.411,0.418,0.432,0.475,0.461,0.434,0.412,0.394,0.368,0.224,0.206,0.203,0.196,0.204,0.262,0.315,0.378,0.39,0.474,0.456,0.371,8.539,0.485,06:45,2025-08-07
Choquetanga,0.247,0.255,0.258,0.249,0.264,0.271,0.351,0.43,0.432,0.447,0.389,0.377,0.35,0.366,0.37,0.362,0.386,0.518,0.44,0.426,0.445,0.45,0.419,0.415,8.91,0.53,17:45,2025-08-08
Choquetanga,0.392,0.381,0.383,0.379,0.386,0.407,0.447,0.359,0.316,0.3,0.279,0.286,0.28,0.318,0.312,0.477,0.508,0.445,0.493,0.517,0.484,0.342,0.325,0.321,9.137,0.591,19:15,2025-08-09
Choquetanga,0.291,0.29,0.299,0.332,0.299,0.322,0.388,0.451,0.437,0.411,0.503,0.489,0.435,0.493,0.49,0.512,0.501,0.54,0.562,0.581,0.606,0.589,0.448,0.315,10.583,0.621,20:30,2025-08-10
Choquetanga,0.295,0.288,0.278,0.273,0.274,0.286,0.362,0.425,0.401,0.431,0.615,0.602,0.476,0.371,0.228,0.276,0.208,0.347,0.314,0.524,0.574,0.516,0.489,0.492,9.343,0.668,10:45,2025-08-11
Choquetanga,0.47,0.475,0.437,0.339,0.321,0.337,0.423,0.466,0.399,0.391,0.47,0.501,0.466,0.5,0.609,0.498,0.401,0.364,0.401,0.507,0.503,0.68,0.655,0.656,11.266,0.691,21:15,2025-08-12
Choquetanga,0.549,0.479,0.361,0.286,0.284,0.329,0.384,0.407,0.375,0.365,0.446,0.48,0.465,0.445,0.444,0.497,0.334,0.379,0.382,0.403,0.284,0.291,0.273,0.368,9.309,0.602,15:30,2025-08-13
Choquetanga,0.318,0.268,0.231,0.23,0.228,0.243,0.295,0.341,0.254,0.238,0.223,0.328,0.347,0.321,0.308,0.316,0.32,0.347,0.374,0.261,0.269,0.255,0.242,0.234,6.786,0.497,07:15,2025-08-14
Choquetanga,0.221,0.215,0.212,0.215,0.21,0.21,0.239,0.23,0.21,0.203,0.203,0.196,0.201,0.2,0.196,0.197,0.2,0.216,0.21,0.229,0.23,0.228,0.201,0.194,5.065,0.252,06:45,2025-08-15
Choquetanga,0.2,0.19,0.186,0.191,0.185,0.188,0.201,0.201,0.19,0.172,0.163,0.171,0.164,0.149,0.138,0.141,0.143,0.155,0.168,0.189,0.171,0.08,0.199,0.188,4.12,0.228,22:00,2025-08-16
Choquetanga,0.178,0.177,0.176,0.174,0.179,0.183,0.186,0.183,0.174,0.169,0.164,0.157,0.143,0.147,0.15,0.145,0.154,0.167,0.174,0.184,0.183,0.178,0.179,0.175,4.075,0.192,00:15,2025-08-17
Choquetanga,0.169,0.167,0.169,0.164,0.172,0.176,0.179,0.177,0.169,0.156,0.151,0.143,0.158,0.158,0.147,0.146,0.171,0.183,0.203,0.221,0.219,0.21,0.209,0.195,4.208,0.227,19:30,2025-08-18
Choquetanga,0.191,0.191,0.191,0.193,0.196,0.203,0.221,0.207,0.203,0.195,0.182,0.184,0.159,0.15,0.154,0.149,0.191,0.2,0.22,0.263,0.295,0.294,0.296,0.271,4.994,0.304,22:15,2025-08-19
Choquetanga,0.26,0.247,0.248,0.246,0.247,0.265,0.311,0.332,0.266,0.225,0.207,0.239,0.198,0.348,0.414,0.359,0.361,0.365,0.404,0.435,0.599,0.584,0.523,0.52,8.2,0.621,21:00,2025-08-20
Choquetanga,0.504,0.485,0.434,0.362,0.365,0.38,0.407,0.336,0.246,0.219,0.404,0.465,0.333,0.316,0.261,0.328,0.346,0.378,0.442,0.567,0.491,0.45,0.418,0.299,9.235,0.62,20:00,2025-08-21
Choquetanga,0.28,0.272,0.248,0.287,0.296,0.312,0.358,0.394,0.399,0.387,0.352,0.275,0.337,0.363,0.366,0.407,0.478,0.525,0.536,0.546,0.58,0.356,0.38,0.39,9.123,0.613,20:30,2025-08-22
Choquetanga,0.419,0.393,0.306,0.306,0.278,0.252,0.309,0.388,0.369,0.351,0.34,0.349,0.313,0.336,0.368,0.5,0.491,0.444,0.41,0.347,0.367,0.46,0.434,0.418,8.943,0.534,15:45,2025-08-23
Choquetanga,0.376,0.313,0.314,0.331,0.326,0.333,0.362,0.422,0.398,0.389,0.476,0.545,0.519,0.417,0.411,0.418,0.45,0.486,0.457,0.469,0.471,0.466,0.374,0.287,9.806,0.585,11:00,2025-08-24
Choquetanga,0.27,0.266,0.258,0.256,0.26,0.27,0.343,0.357,0.402,0.403,0.393,0.393,0.387,0.451,0.401,0.282,0.262,0.283,0.331,0.436,0.339,0.342,0.31,0.293,7.984,0.523,13:45,2025-08-25
Choquetanga,0.269,0.268,0.283,0.272,0.3,0.415,0.44,0.418,0.376,0.338,0.373,0.381,0.299,0.366,0.378,0.35,0.281,0.236,0.323,0.463,0.462,0.341,0.327,0.307,8.262,0.481,19:45,2025-08-26
Choquetanga,0.312,0.271,0.282,0.286,0.272,0.382,0.466,0.471,0.461,0.45,0.102,0.062,0.173,0.391,0.419,0.41,0.416,0.436,0.353,0.411,0.396,0.382,0.355,0.328,8.282,0.482,07:30,2025-08-27
Choquetanga,0.294,0.344,0.356,0.301,0.307,0.319,0.445,0.468,0.464,0.425,0.434,0.519,0.49,0.47,0.456,0.322,0.364,0.373,0.439,0.601,0.48,0.454,0.644,0.561,10.326,0.677,22:30,2025-08-28
Choquetanga,0.529,0.552,0.398,0.427,0.437,0.445,0.49,0.459,0.448,0.416,0.389,0.377,0.231,0.383,0.513,0.481,0.346,0.352,0.435,0.446,0.463,0.402,0.324,0.383,10.124,0.575,01:45,2025-08-29
Choquetanga,0.408,0.601,0.654,0.551,0.522,0.546,0.608,0.538,0.527,0.511,0.482,0.43,0.581,0.606,0.582,0.533,0.356,0.364,0.449,0.603,0.593,0.576,0.476,0.328,12.425,0.727,02:00,2025-08-30
Choquetanga,0.342,0.482,0.496,0.424,0.439,0.444,0.487,0.497,0.488,0.497,0.481,0.523,0.433,0.334,0.321,0.442,0.532,0.438,0.427,0.339,0.31,0.306,0.305,0.296,10.081,0.601,11:45,2025-08-31
Choquetanga,0.268,0.263,0.269,0.263,0.259,0.29,0.364,0.39,0.354,0.515,0.549,0.559,0.476,0.423,0.484,0.37,0.398,0.415,0.431,0.451,0.468,0.458,0.441,0.415,9.572,0.648,10:15,2025-09-01
Choquetanga,0.379,0.289,0.253,0.25,0.241,0.263,0.398,0.436,0.413,0.409,0.379,0.385,0.356,0.25,0.251,0.362,0.399,0.578,0.451,0.572,0.602,0.607,0.571,0.641,9.731,0.71,21:15,2025-09-02
Choquetanga,0.432,0.309,0.377,0.402,0.415,0.373,0.336,0.314,0.316,0.494,0.519,0.444,0.376,0.488,0.517,0.381,0.396,0.417,0.399,0.429,0.484,0.478,0.438,0.422,9.953,0.553,00:15,2025-09-03
Choquetanga,0.4,0.401,0.396,0.391,0.394,0.401,0.433,0.497,0.525,0.511,0.45,0.43,0.349,0.42,0.457,0.404,0.374,0.407,0.443,0.473,0.462,0.397,0.322,0.296,10.032,0.569,08:30,2025-09-04
Choquetanga,0.292,0.297,0.258,0.253,0.282,0.292,0.329,0.293,0.297,0.31,0.293,0.264,0.284,0.268,0.258,0.267,0.261,0.306,0.344,0.407,0.324,0.33,0.311,0.291,7.105,0.425,19:30,2025-09-05
Choquetanga,0.307,0.296,0.255,0.251,0.254,0.304,0.425,0.4,0.438,0.48,0.39,0.383,0.384,0.391,0.396,0.451,0.465,0.431,0.423,0.455,0.463,0.473,0.466,0.431,9.409,0.518,09:30,2025-09-06
Choquetanga,0.413,0.42,0.405,0.404,0.336,0.413,0.377,0.35,0.255,0.272,0.257,0.276,0.403,0.403,0.392,0.415,0.398,0.45,0.435,0.446,0.462,0.452,0.336,0.265,9.033,0.5,13:00,2025-09-07
Choquetanga,0.242,0.233,0.228,0.227,0.229,0.245,0.319,0.416,0.42,0.411,0.342,0.386,0.36,0.346,0.343,0.321,0.355,0.358,0.359,0.439,0.435,0.442,0.438,0.405,8.294,0.456,21:00,2025-09-08
Choquetanga,0.383,0.374,0.389,0.376,0.392,0.371,0.334,0.422,0.413,0.394,0.429,0.394,0.196,0.195,0.212,0.2,0.207,0.312,0.393,0.391,0.425,0.437,0.423,0.426,8.486,0.515,10:30,2025-09-09
Choquetanga,0.407,0.394,0.291,0.396,0.396,0.331,0.337,0.533,0.425,0.376,0.382,0.356,0.312,0.381,0.286,0.299,0.322,0.381,0.399,0.364,0.305,0.32,0.349,0.423,8.759,0.562,07:45,2025-09-10
Choquetanga,0.397,0.263,0.266,0.25,0.256,0.282,0.345,0.515,0.408,0.391,0.361,0.304,0.271,0.279,0.324,0.296,0.303,0.348,0.291,0.357,0.304,0.345,0.29,0.282,7.729,0.585,07:30,2025-09-11
Choquetanga,0.265,0.258,0.257,0.256,0.264,0.279,0.306,0.463,0.328,0.373,0.312,0.266,0.278,0.348,0.359,0.271,0.38,0.4,0.418,0.375,0.322,0.305,0.296,0.267,7.642,0.57,07:30,2025-09-12
Choquetanga,0.295,0.247,0.249,0.248,0.252,0.281,0.347,0.431,0.396,0.294,0.234,0.283,0.315,0.23,0.237,0.254,0.259,0.291,0.281,0.306,0.302,0.299,0.373,0.284,6.985,0.442,07:15,2025-09-13
Choquetanga,0.263,0.243,0.239,0.25,0.25,0.291,0.339,0.354,0.258,0.247,0.236,0.219,0.208,0.205,0.217,0.209,0.223,0.241,0.291,0.29,0.311,0.309,0.275,0.251,6.216,0.419,07:30,2025-09-14
Choquetanga,0.251,0.241,0.242,0.251,0.245,0.257,0.337,0.378,0.279,0.275,0.301,0.266,0.215,0.24,0.274,0.29,0.296,0.352,0.307,0.361,0.371,0.365,0.363,0.287,7.04,0.428,07:00,2025-09-15
Choquetanga,0.269,0.27,0.277,0.264,0.288,0.309,0.332,0.341,0.315,0.356,0.337,0.309,0.266,0.287,0.31,0.327,0.3,0.322,0.333,0.384,0.347,0.323,0.302,0.296,7.458,0.443,19:15,2025-09-16
Choquetanga,0.28,0.267,0.26,0.237,0.252,0.273,0.344,0.437,0.369,0.355,0.316,0.314,0.291,0.284,0.279,0.245,0.254,0.292,0.316,0.385,0.348,0.328,0.318,0.287,7.327,0.448,07:45,2025-09-17
Choquetanga,0.305,0.257,0.241,0.242,0.254,0.313,0.385,0.412,0.291,0.347,0.343,0.297,0.251,0.267,0.234,0.241,0.262,0.269,0.313,0.378,0.345,0.37,0.344,0.321,7.28,0.461,07:15,2025-09-18
Choquetanga,0.304,0.278,0.278,0.281,0.296,0.305,0.401,0.35,0.313,0.296,0.26,0.305,0.332,0.318,0.272,0.245,0.327,0.36,0.36,0.384,0.325,0.306,0.306,0.308,7.507,0.458,06:15,2025-09-19
Choquetanga,0.386,0.309,0.271,0.261,0.257,0.32,0.368,0.362,0.308,0.379,0.362,0.348,0.291,0.289,0.264,0.268,0.341,0.35,0.338,0.342,0.35,0.345,0.324,0.3,7.73,0.411,00:30,2025-09-20
Choquetanga,0.331,0.293,0.331,0.4,0.386,0.399,0.407,0.398,0.371,0.375,0.392,0.372,0.32,0.344,0.32,0.308,0.302,0.314,0.312,0.315,0.319,0.321,0.319,0.289,8.233,0.444,07:00,2025-09-21
Choquetanga,0.277,0.269,0.266,0.272,0.286,0.291,0.359,0.357,0.321,0.357,0.386,0.393,0.37,0.313,0.334,0.271,0.304,0.317,0.301,0.313,0.341,0.313,0.316,0.31,7.633,0.462,11:00,2025-09-22
Choquetanga,0.289,0.281,0.279,0.263,0.273,0.426,0.458,0.455,0.465,0.549,0.595,0.523,0.328,0.308,0.273,0.265,0.267,0.324,0.315,0.338,0.333,0.337,0.324,0.328,8.593,0.618,11:15,2025-09-23
Choquetanga,0.301,0.293,0.285,0.344,0.4,0.422,0.449,0.392,0.335,0.325,0.379,0.383,0.286,0.3,0.293,0.285,0.289,0.32,0.324,0.36,0.365,0.363,0.359,0.328,8.177,0.475,06:30,2025-09-24
Choquetanga,0.301,0.285,0.283,0.29,0.299,0.312,0.347,0.323,0.313,0.288,0.267,0.254,0.276,0.318,0.299,0.229,0.25,0.274,0.278,0.336,0.343,0.338,0.328,0.3,7.129,0.358,06:15,2025-09-25
Choquetanga,0.276,0.261,0.26,0.259,0.268,0.295,0.333,0.334,0.288,0.263,0.272,0.317,0.294,0.247,0.232,0.211,0.227,0.274,0.302,0.315,0.342,0.318,0.3,0.3,6.786,0.346,21:00,2025-09-26
Choquetanga,0.278,0.264,0.258,0.256,0.265,0.285,0.325,0.304,0.289,0.276,0.238,0.258,0.245,0.288,0.301,0.268,0.233,0.272,0.299,0.347,0.351,0.334,0.325,0.31,6.865,0.362,20:00,2025-09-27
Choquetanga,0.278,0.268,0.271,0.275,0.269,0.297,0.336,0.291,0.276,0.25,0.274,0.296,0.291,0.35,0.392,0.368,0.322,0.344,0.354,0.353,0.339,0.344,0.321,0.301,7.454,0.417,14:15,2025-09-28
Choquetanga,0.286,0.285,0.285,0.276,0.277,0.286,0.314,0.316,0.315,0.301,0.352,0.356,0.312,0.383,0.411,0.327,0.282,0.283,0.286,0.324,0.327,0.314,0.323,0.289,7.507,0.452,14:45,2025-09-29
Choquetanga,0.264,0.259,0.254,0.252,0.263,0.284,0.324,0.308,0.29,0.318,0.307,0.336,0.36,0.357,0.308,0.295,0.269,0.285,0.297,0.328,0.342,0.335,0.295,0.269,7.198,0.386,13:00,2025-09-30
Choquetanga,0.258,0.249,0.249,0.245,0.273,0.297,0.329,0.332,0.289,0.288,0.284,0.276,0.244,0.327,0.394,0.302,0.302,0.369,0.339,0.333,0.343,0.336,0.304,0.29,7.249,0.405,15:00,2025-10-01
Choquetanga,0.282,0.267,0.261,0.261,0.264,0.28,0.331,0.316,0.278,0.289,0.273,0.262,0.241,0.298,0.319,0.336,0.311,0.275,0.317,0.36,0.371,0.327,0.306,0.288,7.112,0.397,20:15,2025-10-02
Choquetanga,0.274,0.274,0.273,0.265,0.267,0.29,0.352,0.365,0.347,0.325,0.273,0.241,0.206,0.239,0.238,0.267,0.31,0.28,0.288,0.346,0.352,0.334,0.327,0.31,7.042,0.388,07:00,2025-10-03
Choquetanga,0.293,0.285,0.268,0.27,0.283,0.29,0.323,0.304,0.294,0.302,0.294,0.319,0.31,0.31,0.316,0.309,0.327,0.326,0.314,0.323,0.316,0.285,0.286,0.265,7.21,0.347,10:00,2025-10-04
Choquetanga,0.247,0.243,0.236,0.246,0.257,0.269,0.304,0.308,0.27,0.275,0.348,0.305,0.236,0.236,0.223,0.224,0.256,0.272,0.277,0.286,0.274,0.274,0.264,0.256,6.386,0.374,11:00,2025-10-05
Choquetanga,0.239,0.238,0.244,0.242,0.242,0.271,0.3,0.28,0.275,0.268,0.259,0.232,0.207,0.204,0.224,0.205,0.205,0.285,0.286,0.295,0.305,0.313,0.3,0.278,6.195,0.324,21:30,2025-10-06
Choquetanga,0.255,0.249,0.257,0.261,0.257,0.26,0.342,0.376,0.27,0.331,0.472,0.568,0.316,0.29,0.301,0.305,0.33,0.336,0.375,0.443,0.353,0.343,0.322,0.307,7.918,0.595,11:30,2025-10-07
Choquetanga,0.296,0.279,0.287,0.286,0.293,0.316,0.392,0.46,0.458,0.444,0.413,0.417,0.384,0.303,0.304,0.307,0.42,0.599,0.576,0.458,0.41,0.36,0.343,0.307,9.107,0.684,17:15,2025-10-08
Choquetanga,0.418,0.323,0.283,0.278,0.281,0.301,0.391,0.416,0.414,0.356,0.405,0.488,0.481,0.411,0.505,0.417,0.334,0.341,0.425,0.478,0.421,0.414,0.375,0.349,9.302,0.616,12:30,2025-10-09
Choquetanga,0.412,0.354,0.333,0.323,0.325,0.341,0.386,0.358,0.292,0.276,0.273,0.449,0.413,0.389,0.461,0.424,0.437,0.456,0.353,0.396,0.37,0.357,0.352,0.335,8.862,0.505,17:45,2025-10-10
Choquetanga,0.416,0.321,0.32,0.315,0.317,0.339,0.421,0.422,0.339,0.431,0.522,0.408,0.381,0.332,0.451,0.443,0.45,0.47,0.372,0.447,0.484,0.448,0.437,0.43,9.712,0.548,10:30,2025-10-11
Choquetanga,0.416,0.324,0.307,0.314,0.326,0.346,0.402,0.407,0.316,0.443,0.439,0.456,0.396,0.349,0.463,0.429,0.403,0.391,0.301,0.315,0.433,0.328,0.309,0.306,8.914,0.542,15:00,2025-10-12
Choquetanga,0.325,0.361,0.28,0.283,0.286,0.313,0.411,0.399,0.34,0.312,0.245,0.355,0.322,0.346,0.36,0.378,0.26,0.393,0.386,0.466,0.44,0.33,0.328,0.305,8.221,0.5,19:45,2025-10-13
Choquetanga,0.292,0.278,0.272,0.283,0.288,0.314,0.319,0.269,0.255,0.331,0.289,0.363,0.411,0.459,0.468,0.444,0.393,0.424,0.44,0.588,0.47,0.368,0.344,0.317,8.676,0.624,19:45,2025-10-14
Choquetanga,0.375,0.331,0.288,0.287,0.282,0.305,0.343,0.321,0.306,0.321,0.314,0.322,0.367,0.413,0.596,0.537,0.465,0.462,0.498,0.444,0.477,0.352,0.432,0.451,9.286,0.696,14:45,2025-10-15
Choquetanga,0.493,0.445,0.311,0.312,0.326,0.364,0.445,0.492,0.403,0.36,0.399,0.595,0.651,0.379,0.32,0.374,0.559,0.572,0.457,0.434,0.429,0.42,0.42,0.389,10.346,0.683,12:30,2025-10-16
Choquetanga,0.373,0.355,0.27,0.269,0.29,0.31,0.331,0.366,0.259,0.257,0.383,0.289,0.254,0.208,0.237,0.241,0.222,0.162,0.177,0.22,0.245,0.257,0.251,0.237,6.46,0.395,10:30,2025-10-17
Choquetanga,0.218,0.21,0.208,0.21,0.205,0.221,0.228,0.214,0.202,0.211,0.213,0.221,0.245,0.231,0.226,0.208,0.212,0.217,0.235,0.249,0.241,0.238,0.236,0.223,5.318,0.255,13:00,2025-10-18
Choquetanga,0.22,0.221,0.206,0.21,0.209,0.226,0.243,0.222,0.212,0.261,0.192,0.178,0.18,0.17,0.186,0.199,0.199,0.206,0.216,0.228,0.221,0.223,0.212,0.211,5.048,0.355,10:00,2025-10-19
Choquetanga,0.218,0.211,0.208,0.201,0.203,0.213,0.267,0.227,0.211,0.216,0.218,0.224,0.215,0.228,0.199,0.188,0.213,0.258,0.258,0.284,0.273,0.276,0.277,0.263,5.546,0.361,07:00,2025-10-20
Choquetanga,0.253,0.257,0.268,0.268,0.264,0.273,0.307,0.305,0.267,0.365,0.416,0.412,0.355,0.343,0.356,0.394,0.384,0.403,0.378,0.389,0.339,0.416,0.442,0.369,8.219,0.459,22:45,2025-10-21
Choquetanga,0.37,0.308,0.403,0.424,0.414,0.429,0.511,0.426,0.33,0.293,0.418,0.435,0.398,0.382,0.37,0.444,0.409,0.43,0.438,0.427,0.364,0.358,0.409,0.411,9.601,0.548,06:30,2025-10-22
Choquetanga,0.376,0.334,0.292,0.293,0.287,0.31,0.385,0.423,0.387,0.353,0.532,0.632,0.549,0.493,0.442,0.452,0.506,0.598,0.435,0.431,0.327,0.374,0.348,0.301,9.857,0.81,17:30,2025-10-23
Choquetanga,0.275,0.265,0.265,0.261,0.263,0.283,0.357,0.404,0.281,0.336,0.691,0.465,0.52,0.503,0.558,0.849,0.507,0.457,0.454,0.463,0.395,0.406,0.419,0.416,10.09,0.866,15:15,2025-10-24
Choquetanga,0.382,0.385,0.299,0.296,0.29,0.322,0.48,0.438,0.391,0.305,0.341,0.537,0.577,0.569,0.961,1.017,0.717,0.854,0.649,0.681,0.473,0.456,0.432,0.432,12.278,1.099,15:15,2025-10-25
Choquetanga,0.403,0.315,0.29,0.287,0.289,0.444,0.506,0.487,0.352,0.573,0.82,0.73,0.376,0.36,0.418,0.643,0.587,0.64,0.541,0.442,0.433,0.433,0.427,0.399,11.193,0.857,10:45,2025-10-26
Choquetanga,0.363,0.289,0.288,0.285,0.292,0.307,0.438,0.48,0.351,0.286,0.362,0.415,0.365,0.332,0.495,0.57,0.558,0.552,0.583,0.645,0.516,0.456,0.426,0.414,10.067,0.675,19:45,2025-10-27
Choquetanga,0.413,0.305,0.287,0.275,0.279,0.302,0.434,0.538,0.699,0.637,0.606,0.822,0.492,0.52,0.572,0.652,0.355,0.35,0.454,0.505,0.456,0.337,0.339,0.323,10.949,0.899,11:45,2025-10-28
Choquetanga,0.346,0.301,0.275,0.278,0.289,0.296,0.39,0.328,0.279,0.281,0.294,0.363,0.357,0.365,0.398,0.356,0.343,0.378,0.426,0.494,0.378,0.359,0.34,0.329,8.239,0.563,19:30,2025-10-29
Choquetanga,0.309,0.321,0.305,0.283,0.303,0.305,0.398,0.385,0.394,0.379,0.534,0.504,0.457,0.428,0.476,0.38,0.317,0.45,0.53,0.524,0.506,0.379,0.325,0.327,9.518,0.58,20:30,2025-10-30
